Time,UTC TIME,anum,fnum,height,speed,angle,longitude,latitude
1593659764,2020-07-02 03:16:04,B2088,CCA1315,83.82,250.02,354,40.06664,116.59839
1593659771,2020-07-02 03:16:11,B2088,CCA1315,99.06,250.02,354,40.06664,116.59839
1593659778,2020-07-02 03:16:18,B2088,CCA1315,160.02,250.02,354,40.06664,116.59839
1593659785,2020-07-02 03:16:25,B2088,CCA1315,236.22,312.988,353,40.08215,116.59595
1593659803,2020-07-02 03:16:43,B2088,CCA1315,396.24,316.692,353,40.09274,116.59416
1593659815,2020-07-02 03:16:55,B2088,CCA1315,640.08,316.692,353,40.10403,116.59216
1593659819,2020-07-02 03:16:59,B2088,CCA1315,701.04,324.1,354,40.11323,116.59071999999999
1593659830,2020-07-02 03:17:10,B2088,CCA1315,815.34,327.80400000000003,354,40.11397,116.5906
1593659834,2020-07-02 03:17:14,B2088,CCA1315,868.68,329.656,354,40.11397,116.5906
1593659840,2020-07-02 03:17:20,B2088,CCA1315,876.3,329.656,354,40.11397,116.5906
1593659845,2020-07-02 03:17:25,B2088,CCA1315,876.3,331.50800000000004,353,40.11397,116.5906
1593659860,2020-07-02 03:17:40,B2088,CCA1315,1150.62,335.212,354,40.13497,116.58729
1593659875,2020-07-02 03:17:55,B2088,CCA1315,1249.68,335.212,354,40.15082,116.58478000000001
1593659890,2020-07-02 03:18:10,B2088,CCA1315,1333.5,425.96,354,40.15082,116.58478000000001
1593659895,2020-07-02 03:18:15,B2088,CCA1315,1341.12,453.74,354,40.17549,116.58098999999999
1593659911,2020-07-02 03:18:31,B2088,CCA1315,1485.9,481.52,353,40.195440000000005,116.57786000000002
1593659916,2020-07-02 03:18:36,B2088,CCA1315,1569.72,481.52,353,40.195440000000005,116.57786000000002
1593659931,2020-07-02 03:18:51,B2088,CCA1315,1584.96,511.152,353,40.20158,116.57686000000001
1593659940,2020-07-02 03:19:00,B2088,CCA1315,1866.9,516.7080000000001,353,40.20158,116.57686000000001
1593659949,2020-07-02 03:19:09,B2088,CCA1315,1935.48,516.7080000000001,353,40.242,116.56952
1593659966,2020-07-02 03:19:26,B2088,CCA1315,2103.12,516.7080000000001,353,40.25014,116.56568999999999
1593659971,2020-07-02 03:19:31,B2088,CCA1315,2118.36,516.7080000000001,353,40.25014,116.56568999999999
1593659980,2020-07-02 03:19:40,B2088,CCA1315,2156.46,516.7080000000001,353,40.2823,116.5449
1593659992,2020-07-02 03:19:52,B2088,CCA1315,2316.48,537.08,334,40.29748,116.53478999999999
1593660006,2020-07-02 03:20:06,B2088,CCA1315,2537.46,540.784,333,40.29925,116.53367
1593660008,2020-07-02 03:20:08,B2088,CCA1315,2529.84,540.784,333,40.29925,116.53367
1593660021,2020-07-02 03:20:21,B2088,CCA1315,2750.82,548.192,334,40.33318,116.51106999999999
1593660025,2020-07-02 03:20:25,B2088,CCA1315,2804.16,550.044,333,40.33318,116.51106999999999
1593660031,2020-07-02 03:20:31,B2088,CCA1315,2948.94,550.044,333,40.33318,116.51106999999999
1593660036,2020-07-02 03:20:36,B2088,CCA1315,2834.64,551.896,333,40.33318,116.51106999999999
1593660050,2020-07-02 03:20:50,B2088,CCA1315,3192.78,551.896,333,40.3651,116.48962
1593660061,2020-07-02 03:21:01,B2088,CCA1315,3261.36,585.232,323,40.37567,116.48168999999999
1593660067,2020-07-02 03:21:07,B2088,CCA1315,3337.56,590.788,315,40.37567,116.48168999999999
1593660072,2020-07-02 03:21:12,B2088,CCA1315,3421.38,590.788,315,40.37567,116.48168999999999
1593660077,2020-07-02 03:21:17,B2088,CCA1315,3444.24,590.788,315,40.37567,116.48168999999999
1593660082,2020-07-02 03:21:22,B2088,CCA1315,3505.2,590.788,315,40.397420000000004,116.45361000000001
1593660087,2020-07-02 03:21:27,B2088,CCA1315,3634.74,594.492,295,40.397420000000004,116.45361000000001
1593660098,2020-07-02 03:21:38,B2088,CCA1315,3771.9,596.344,294,40.40618,116.42886000000001
1593660102,2020-07-02 03:21:42,B2088,CCA1315,3832.86,605.604,293,40.41431,116.40356000000001
1593660107,2020-07-02 03:21:47,B2088,CCA1315,3909.06,607.456,293,40.41431,116.40356000000001
1593660113,2020-07-02 03:21:53,B2088,CCA1315,3878.58,609.308,293,40.41431,116.40356000000001
1593660116,2020-07-02 03:21:56,B2088,CCA1315,4000.5,609.308,293,40.41431,116.40356000000001
1593660132,2020-07-02 03:22:12,B2088,CCA1315,4221.48,616.716,293,40.43074,116.35242
1593660139,2020-07-02 03:22:19,B2088,CCA1315,4305.3,622.2719999999999,294,40.43074,116.35242
1593660154,2020-07-02 03:22:34,B2088,CCA1315,4549.14,624.124,293,40.44314,116.31413
1593660157,2020-07-02 03:22:37,B2088,CCA1315,4572.0,624.124,293,40.44314,116.31413
1593660160,2020-07-02 03:22:40,B2088,CCA1315,4648.2,624.124,293,40.44314,116.31413
1593660167,2020-07-02 03:22:47,B2088,CCA1315,4724.4,631.5319999999999,293,40.44314,116.31413
1593660172,2020-07-02 03:22:52,B2088,CCA1315,4792.98,635.236,291,40.44314,116.31413
1593660178,2020-07-02 03:22:58,B2088,CCA1315,4754.88,635.236,288,40.44314,116.31413
1593660182,2020-07-02 03:23:02,B2088,CCA1315,4975.86,635.236,288,40.44314,116.31413
1593660187,2020-07-02 03:23:07,B2088,CCA1315,5021.58,635.236,288,40.44314,116.31413
1593660198,2020-07-02 03:23:18,B2088,CCA1315,5090.16,640.7919999999999,265,40.45925,116.2356
1593660213,2020-07-02 03:23:33,B2088,CCA1315,5387.34,640.7919999999999,265,40.453379999999996,116.20851
1593660227,2020-07-02 03:23:47,B2088,CCA1315,5562.6,640.7919999999999,265,40.43005,116.17218000000001
1593660244,2020-07-02 03:24:04,B2088,CCA1315,5783.58,640.7919999999999,265,40.42564,116.16725
1593660258,2020-07-02 03:24:18,B2088,CCA1315,5852.16,683.388,220,40.39533,116.13367
1593660264,2020-07-02 03:24:24,B2088,CCA1315,5928.36,688.944,220,40.39533,116.13367
1593660269,2020-07-02 03:24:29,B2088,CCA1315,5943.6,694.5,220,40.39533,116.13367
1593660274,2020-07-02 03:24:34,B2088,CCA1315,5989.32,694.5,220,40.36853,116.10461000000001
1593660280,2020-07-02 03:24:40,B2088,CCA1315,5989.32,694.5,220,40.36853,116.10461000000001
1593660296,2020-07-02 03:24:56,B2088,CCA1315,6004.56,738.948,220,40.34738,116.08198
1593660299,2020-07-02 03:24:59,B2088,CCA1315,6004.56,738.948,220,40.34738,116.08198
1593660311,2020-07-02 03:25:11,B2088,CCA1315,6004.56,774.1360000000001,220,40.31945,116.05183000000001
1593660323,2020-07-02 03:25:23,B2088,CCA1315,6004.56,774.1360000000001,220,40.304759999999995,116.03589
1593660335,2020-07-02 03:25:35,B2088,CCA1315,6004.56,770.432,220,40.287890000000004,116.0175
1593660351,2020-07-02 03:25:51,B2088,CCA1315,6004.56,770.432,220,40.2762,116.0047
1593660365,2020-07-02 03:26:05,B2088,CCA1315,6035.04,768.58,221,40.2465,115.97211999999999
1593660371,2020-07-02 03:26:11,B2088,CCA1315,6065.52,768.58,221,40.2465,115.97211999999999
1593660386,2020-07-02 03:26:26,B2088,CCA1315,6248.4,787.1,220,40.2068,115.92871000000001
1593660400,2020-07-02 03:26:40,B2088,CCA1315,6469.38,792.6560000000001,220,40.19255,115.91318999999999
1593660406,2020-07-02 03:26:46,B2088,CCA1315,6530.34,792.6560000000001,220,40.19255,115.91318999999999
1593660420,2020-07-02 03:27:00,B2088,CCA1315,6705.6,801.916,220,40.1667,115.88507
1593660425,2020-07-02 03:27:05,B2088,CCA1315,6675.12,805.62,220,40.1667,115.88507
1593660429,2020-07-02 03:27:09,B2088,CCA1315,6781.8,811.176,220,40.1667,115.88507
1593660440,2020-07-02 03:27:20,B2088,CCA1315,6865.62,816.732,220,40.131409999999995,115.84662
1593660451,2020-07-02 03:27:31,B2088,CCA1315,7002.78,820.436,220,40.116170000000004,115.83001999999999
1593660462,2020-07-02 03:27:42,B2088,CCA1315,7071.36,824.14,220,40.096070000000005,115.80816999999999
1593660467,2020-07-02 03:27:47,B2088,CCA1315,7277.1,824.14,220,40.096070000000005,115.80816999999999
1593660482,2020-07-02 03:28:02,B2088,CCA1315,7459.98,833.4,220,40.05473,115.76343
1593660493,2020-07-02 03:28:13,B2088,CCA1315,7597.14,837.1039999999999,220,40.03548,115.74258999999999
1593660498,2020-07-02 03:28:18,B2088,CCA1315,7612.38,842.66,220,40.03548,115.74258999999999
1593660513,2020-07-02 03:28:33,B2088,CCA1315,7810.5,848.216,220,40.00718,115.712
1593660526,2020-07-02 03:28:46,B2088,CCA1315,7978.14,851.92,220,39.98676,115.68988
1593660537,2020-07-02 03:28:57,B2088,CCA1315,8100.06,859.328,220,39.97459,115.6768
1593660548,2020-07-02 03:29:08,B2088,CCA1315,8229.6,859.328,220,39.96185,115.66301999999999
1593660551,2020-07-02 03:29:11,B2088,CCA1315,8229.6,859.328,220,39.96185,115.66301999999999
1593660558,2020-07-02 03:29:18,B2088,CCA1315,8359.14,870.44,220,39.96185,115.66301999999999
1593660563,2020-07-02 03:29:23,B2088,CCA1315,8374.38,870.44,220,39.96185,115.66301999999999
1593660566,2020-07-02 03:29:26,B2088,CCA1315,8412.48,870.44,220,39.93353,115.63241000000001
1593660577,2020-07-02 03:29:37,B2088,CCA1315,8580.12,874.1439999999999,220,39.89804,115.59426
1593660592,2020-07-02 03:29:52,B2088,CCA1315,8816.34,874.1439999999999,220,39.8817,115.57665
1593660603,2020-07-02 03:30:03,B2088,CCA1315,8877.3,874.1439999999999,220,39.86577,115.55957
1593660616,2020-07-02 03:30:16,B2088,CCA1315,9075.42,874.1439999999999,220,39.83633,115.52795
1593660622,2020-07-02 03:30:22,B2088,CCA1315,9128.76,874.1439999999999,220,39.83633,115.52795
1593660638,2020-07-02 03:30:38,B2088,CCA1315,9364.98,879.7,220,39.81171,115.50153
1593660653,2020-07-02 03:30:53,B2088,CCA1315,9547.86,870.44,227,39.81171,115.50153
1593660658,2020-07-02 03:30:58,B2088,CCA1315,9753.6,864.8839999999999,231,39.762640000000005,115.43817
1593660663,2020-07-02 03:31:03,B2088,CCA1315,9814.56,864.8839999999999,231,39.762640000000005,115.43817
1593660678,2020-07-02 03:31:18,B2088,CCA1315,9913.62,863.0319999999999,238,39.7484,115.41203
1593660692,2020-07-02 03:31:32,B2088,CCA1315,10088.88,861.18,243,39.73032,115.36988000000001
1593660703,2020-07-02 03:31:43,B2088,CCA1315,10340.34,857.4760000000001,243,39.72782,115.36358999999999
1593660714,2020-07-02 03:31:54,B2088,CCA1315,10302.24,857.4760000000001,243,39.717859999999995,115.33875
1593660729,2020-07-02 03:32:09,B2088,CCA1315,10500.36,855.6239999999999,243,39.717859999999995,115.33875
1593660742,2020-07-02 03:32:22,B2088,CCA1315,10774.68,853.7719999999999,244,39.67917,115.24091000000001
1593660754,2020-07-02 03:32:34,B2088,CCA1315,10812.78,850.068,243,39.67615,115.23321999999999
1593660768,2020-07-02 03:32:48,B2088,CCA1315,11049.0,848.216,243,39.65442,115.17845
1593660784,2020-07-02 03:33:04,B2088,CCA1315,11079.48,829.696,243,39.65357,115.17627
1593660799,2020-07-02 03:33:19,B2088,CCA1315,11422.38,816.732,243,39.6292,115.11533999999999
1593660814,2020-07-02 03:33:34,B2088,CCA1315,11597.64,813.028,243,39.62027,115.09271000000001
1593660816,2020-07-02 03:33:36,B2088,CCA1315,11582.4,813.028,243,39.62027,115.09271000000001
1593660827,2020-07-02 03:33:47,B2088,CCA1315,11620.5,813.028,243,39.59659,115.03302
1593660843,2020-07-02 03:34:03,B2088,CCA1315,11612.88,816.732,243,39.582440000000005,114.99774
1593660849,2020-07-02 03:34:09,B2088,CCA1315,11612.88,816.732,243,39.582440000000005,114.99774
1593660854,2020-07-02 03:34:14,B2088,CCA1315,11612.88,816.732,243,39.582440000000005,114.99774
1593660858,2020-07-02 03:34:18,B2088,CCA1315,11612.88,816.732,243,39.582440000000005,114.99774
1593660870,2020-07-02 03:34:30,B2088,CCA1315,11612.88,814.88,243,39.565540000000006,114.95563
1593660881,2020-07-02 03:34:41,B2088,CCA1315,11612.88,814.88,243,39.55534,114.93024
1593660894,2020-07-02 03:34:54,B2088,CCA1315,11612.88,814.88,243,39.54327,114.90026999999999
1593660909,2020-07-02 03:35:09,B2088,CCA1315,11612.88,814.88,243,39.54327,114.90026999999999
1593660913,2020-07-02 03:35:13,B2088,CCA1315,11612.88,814.88,243,39.51567,114.83185
1593660917,2020-07-02 03:35:17,B2088,CCA1315,11612.88,814.88,243,39.51567,114.83185
1593660929,2020-07-02 03:35:29,B2088,CCA1315,11612.88,814.88,243,39.51384,114.82725
1593660932,2020-07-02 03:35:32,B2088,CCA1315,11612.88,814.88,243,39.51384,114.82725
1593660944,2020-07-02 03:35:44,B2088,CCA1315,11612.88,816.732,243,39.49123,114.77136000000002
1593660949,2020-07-02 03:35:49,B2088,CCA1315,11612.88,816.732,243,39.49123,114.77136000000002
1593660964,2020-07-02 03:36:04,B2088,CCA1315,11612.88,816.732,243,39.47827,114.7393
1593660978,2020-07-02 03:36:18,B2088,CCA1315,11612.88,816.732,243,39.47827,114.7393
1593660994,2020-07-02 03:36:34,B2088,CCA1315,11612.88,814.88,243,39.44753,114.66345
1593660999,2020-07-02 03:36:39,B2088,CCA1315,11612.88,814.88,243,39.44753,114.66345
1593661014,2020-07-02 03:36:54,B2088,CCA1315,11612.88,814.88,243,39.43822,114.64056000000001
1593661016,2020-07-02 03:36:56,B2088,CCA1315,11612.88,814.88,243,39.42361,114.60466000000001
1593661029,2020-07-02 03:37:09,B2088,CCA1315,11612.88,814.88,243,39.41231,114.57683
1593661044,2020-07-02 03:37:24,B2088,CCA1315,11612.88,814.88,243,39.402879999999996,114.55353000000001
1593661064,2020-07-02 03:37:44,B2088,CCA1315,11612.88,814.88,243,39.402879999999996,114.55353000000001
1593661068,2020-07-02 03:37:48,B2088,CCA1315,11612.88,814.88,243,39.402879999999996,114.55353000000001
1593661089,2020-07-02 03:38:09,B2088,CCA1315,11612.88,814.88,243,39.351440000000004,114.42731
1593661107,2020-07-02 03:38:27,B2088,CCA1315,11612.88,814.88,243,39.34744,114.41741
1593661127,2020-07-02 03:38:47,B2088,CCA1315,11612.88,814.88,243,39.3217,114.35431000000001
1593661138,2020-07-02 03:38:58,B2088,CCA1315,11612.88,816.732,243,39.3217,114.35431000000001
1593661151,2020-07-02 03:39:11,B2088,CCA1315,11612.88,816.732,243,39.3217,114.35431000000001
1593661193,2020-07-02 03:39:53,B2088,CCA1315,11612.88,816.732,243,39.3217,114.35431000000001
1593661206,2020-07-02 03:40:06,B2088,CCA1315,11612.88,824.14,226,39.3217,114.35431000000001
1593661220,2020-07-02 03:40:20,B2088,CCA1315,11612.88,827.8439999999999,221,39.21423,114.14036999999999
1593661226,2020-07-02 03:40:26,B2088,CCA1315,11612.88,827.8439999999999,221,39.21423,114.14036999999999
1593661230,2020-07-02 03:40:30,B2088,CCA1315,11612.88,844.512,203,39.21423,114.14036999999999
1593661234,2020-07-02 03:40:34,B2088,CCA1315,11612.88,844.512,203,39.18164,114.1203
1593661245,2020-07-02 03:40:45,B2088,CCA1315,11612.88,844.512,203,39.1569,114.11066000000001
1593661250,2020-07-02 03:40:50,B2088,CCA1315,11612.88,851.92,197,39.1569,114.11066000000001
1593661261,2020-07-02 03:41:01,B2088,CCA1315,11612.88,851.92,197,39.1569,114.11066000000001
1593661265,2020-07-02 03:41:05,B2088,CCA1315,11612.88,851.92,197,39.1569,114.11066000000001
1593661269,2020-07-02 03:41:09,B2088,CCA1315,11612.88,851.92,197,39.1569,114.11066000000001
1593661275,2020-07-02 03:41:15,B2088,CCA1315,11612.88,851.92,197,39.09913,114.08972
1593661291,2020-07-02 03:41:31,B2088,CCA1315,11612.88,851.92,197,39.078829999999996,114.08268999999999
1593661294,2020-07-02 03:41:34,B2088,CCA1315,11612.88,851.92,197,39.06073,114.07654
1593661300,2020-07-02 03:41:40,B2088,CCA1315,11612.88,863.0319999999999,195,39.06073,114.07654
1593661311,2020-07-02 03:41:51,B2088,CCA1315,11612.88,863.0319999999999,195,39.0206,114.06281000000001
1593661315,2020-07-02 03:41:55,B2088,CCA1315,11612.88,863.0319999999999,195,39.0206,114.06281000000001
1593661327,2020-07-02 03:42:07,B2088,CCA1315,11612.88,866.7360000000001,196,38.9902,114.05237
1593661340,2020-07-02 03:42:20,B2088,CCA1315,11612.88,866.7360000000001,196,38.96567,114.04382
1593661351,2020-07-02 03:42:31,B2088,CCA1315,11612.88,866.7360000000001,196,38.95077,114.03863999999999
1593661365,2020-07-02 03:42:45,B2088,CCA1315,11612.88,866.7360000000001,196,38.90886,114.02388
1593661370,2020-07-02 03:42:50,B2088,CCA1315,11612.88,866.7360000000001,196,38.90886,114.02388
1593661374,2020-07-02 03:42:54,B2088,CCA1315,11612.88,866.7360000000001,196,38.90886,114.02388
1593661386,2020-07-02 03:43:06,B2088,CCA1315,11612.88,866.7360000000001,196,38.87723,114.01265
1593661389,2020-07-02 03:43:09,B2088,CCA1315,11612.88,870.44,196,38.85658,114.00537
1593661395,2020-07-02 03:43:15,B2088,CCA1315,11612.88,870.44,196,38.85658,114.00537
1593661399,2020-07-02 03:43:19,B2088,CCA1315,11612.88,872.2919999999999,196,38.85658,114.00537
1593661404,2020-07-02 03:43:24,B2088,CCA1315,11612.88,872.2919999999999,196,38.85658,114.00537
1593661408,2020-07-02 03:43:28,B2088,CCA1315,11612.88,874.1439999999999,196,38.85658,114.00537
1593661415,2020-07-02 03:43:35,B2088,CCA1315,11612.88,874.1439999999999,196,38.85658,114.00537
1593661422,2020-07-02 03:43:42,B2088,CCA1315,11612.88,874.1439999999999,196,38.79068,113.98187
1593661436,2020-07-02 03:43:56,B2088,CCA1315,11612.88,879.7,196,38.76032,113.97113
1593661449,2020-07-02 03:44:09,B2088,CCA1315,11612.88,879.7,196,38.753809999999994,113.96882
1593661465,2020-07-02 03:44:25,B2088,CCA1315,11612.88,881.552,196,38.71239,113.95414
1593661470,2020-07-02 03:44:30,B2088,CCA1315,11612.88,881.552,196,38.71239,113.95414
1593661484,2020-07-02 03:44:44,B2088,CCA1315,11612.88,881.552,196,38.65744,113.93468999999999
1593661495,2020-07-02 03:44:55,B2088,CCA1315,11612.88,879.7,196,38.64496,113.93031
1593661500,2020-07-02 03:45:00,B2088,CCA1315,11612.88,879.7,196,38.64496,113.93031
1593661504,2020-07-02 03:45:04,B2088,CCA1315,11612.88,879.7,196,38.64496,113.93031
1593661510,2020-07-02 03:45:10,B2088,CCA1315,11612.88,879.7,196,38.64496,113.93031
1593661515,2020-07-02 03:45:15,B2088,CCA1315,11612.88,879.7,196,38.64496,113.93031
1593661525,2020-07-02 03:45:25,B2088,CCA1315,11612.88,879.7,196,38.57928,113.90717
1593661540,2020-07-02 03:45:40,B2088,CCA1315,11612.88,877.8480000000001,196,38.54251,113.89423000000001
1593661544,2020-07-02 03:45:44,B2088,CCA1315,11612.88,877.8480000000001,196,38.54251,113.89423000000001
1593661561,2020-07-02 03:46:01,B2088,CCA1315,11612.88,877.8480000000001,196,38.50405,113.88068
1593661563,2020-07-02 03:46:03,B2088,CCA1315,11612.88,877.8480000000001,196,38.50405,113.88068
1593661569,2020-07-02 03:46:09,B2088,CCA1315,11612.88,877.8480000000001,196,38.50405,113.88068
1593661573,2020-07-02 03:46:13,B2088,CCA1315,11612.88,877.8480000000001,196,38.50405,113.88068
1593661581,2020-07-02 03:46:21,B2088,CCA1315,11612.88,877.8480000000001,196,38.45503,113.8635
1593661596,2020-07-02 03:46:36,B2088,CCA1315,11612.88,874.1439999999999,196,38.4204,113.85138
1593661600,2020-07-02 03:46:40,B2088,CCA1315,11612.88,874.1439999999999,196,38.4204,113.85138
1593661604,2020-07-02 03:46:44,B2088,CCA1315,11612.88,874.1439999999999,196,38.4204,113.85138
1593661617,2020-07-02 03:46:57,B2088,CCA1315,11612.88,872.2919999999999,196,38.37631,113.83608999999998
1593661631,2020-07-02 03:47:11,B2088,CCA1315,11612.88,872.2919999999999,196,38.36314,113.8315
1593661637,2020-07-02 03:47:17,B2088,CCA1315,11612.88,872.2919999999999,196,38.36314,113.8315
1593661640,2020-07-02 03:47:20,B2088,CCA1315,11612.88,872.2919999999999,196,38.36314,113.8315
1593661652,2020-07-02 03:47:32,B2088,CCA1315,11612.88,870.44,196,38.319379999999995,113.81626999999999
1593661657,2020-07-02 03:47:37,B2088,CCA1315,11612.88,870.44,196,38.319379999999995,113.81626999999999
1593661661,2020-07-02 03:47:41,B2088,CCA1315,11612.88,870.44,196,38.28242,113.80337
1593661677,2020-07-02 03:47:57,B2088,CCA1315,11612.88,870.44,196,38.27174,113.79966
1593661681,2020-07-02 03:48:01,B2088,CCA1315,11612.88,870.44,196,38.27174,113.79966
1593661686,2020-07-02 03:48:06,B2088,CCA1315,11612.88,870.44,196,38.27174,113.79966
1593661692,2020-07-02 03:48:12,B2088,CCA1315,11612.88,870.44,196,38.21739,113.7808
1593661707,2020-07-02 03:48:27,B2088,CCA1315,11612.88,868.5880000000001,196,38.1877,113.7705
1593661719,2020-07-02 03:48:39,B2088,CCA1315,11612.88,868.5880000000001,196,38.1726,113.76528
1593661724,2020-07-02 03:48:44,B2088,CCA1315,11612.88,868.5880000000001,196,38.1726,113.76528
1593661732,2020-07-02 03:48:52,B2088,CCA1315,11612.88,866.7360000000001,196,38.1726,113.76528
1593661741,2020-07-02 03:49:01,B2088,CCA1315,11612.88,866.7360000000001,196,38.118759999999995,113.74666
1593661757,2020-07-02 03:49:17,B2088,CCA1315,11612.88,864.8839999999999,196,38.08141,113.73375
1593661759,2020-07-02 03:49:19,B2088,CCA1315,11612.88,864.8839999999999,196,38.08141,113.73375
1593661772,2020-07-02 03:49:32,B2088,CCA1315,11612.88,864.8839999999999,196,38.0559,113.72492
1593661787,2020-07-02 03:49:47,B2088,CCA1315,11612.88,863.0319999999999,196,38.0559,113.72492
1593661802,2020-07-02 03:50:02,B2088,CCA1315,11612.88,863.0319999999999,196,37.99127,113.70265
1593661815,2020-07-02 03:50:15,B2088,CCA1315,11612.88,864.8839999999999,196,37.98053,113.69894
1593661822,2020-07-02 03:50:22,B2088,CCA1315,11612.88,864.8839999999999,196,37.98053,113.69894
1593661828,2020-07-02 03:50:28,B2088,CCA1315,11612.88,864.8839999999999,196,37.98053,113.69894
1593661832,2020-07-02 03:50:32,B2088,CCA1315,11612.88,866.7360000000001,196,37.98053,113.69894
1593661847,2020-07-02 03:50:47,B2088,CCA1315,11612.88,866.7360000000001,196,37.92313,113.67936
1593661853,2020-07-02 03:50:53,B2088,CCA1315,11612.88,866.7360000000001,196,37.92313,113.67936
1593661857,2020-07-02 03:50:57,B2088,CCA1315,11612.88,866.7360000000001,196,37.92313,113.67936
1593661867,2020-07-02 03:51:07,B2088,CCA1315,11612.88,866.7360000000001,196,37.85394,113.65573
1593661878,2020-07-02 03:51:18,B2088,CCA1315,11612.88,864.8839999999999,196,37.84145,113.65146000000001
1593661882,2020-07-02 03:51:22,B2088,CCA1315,11612.88,864.8839999999999,196,37.84145,113.65146000000001
1593661886,2020-07-02 03:51:26,B2088,CCA1315,11612.88,864.8839999999999,196,37.81364,113.64198
1593661893,2020-07-02 03:51:33,B2088,CCA1315,11612.88,864.8839999999999,196,37.81364,113.64198
1593661896,2020-07-02 03:51:36,B2088,CCA1315,11612.88,864.8839999999999,196,37.81364,113.64198
1593661907,2020-07-02 03:51:47,B2088,CCA1315,11612.88,863.0319999999999,196,37.77775,113.62973999999998
1593661920,2020-07-02 03:52:00,B2088,CCA1315,11612.88,861.18,196,37.74535,113.61868999999999
1593661933,2020-07-02 03:52:13,B2088,CCA1315,11612.88,859.328,196,37.72893,113.61313
1593661948,2020-07-02 03:52:28,B2088,CCA1315,11612.88,857.4760000000001,196,37.70746,113.60582
1593661952,2020-07-02 03:52:32,B2088,CCA1315,11612.88,857.4760000000001,196,37.6792,113.59624
1593661967,2020-07-02 03:52:47,B2088,CCA1315,11612.88,851.92,195,37.6447,113.58455
1593661981,2020-07-02 03:53:01,B2088,CCA1315,11612.88,848.216,196,37.621809999999996,113.57678
1593661993,2020-07-02 03:53:13,B2088,CCA1315,11612.88,848.216,196,37.5948,113.56758
1593662007,2020-07-02 03:53:27,B2088,CCA1315,11612.88,846.3639999999999,196,37.57082,113.55946000000002
1593662018,2020-07-02 03:53:38,B2088,CCA1315,11612.88,846.3639999999999,196,37.54056,113.54919
1593662023,2020-07-02 03:53:43,B2088,CCA1315,11612.88,844.512,196,37.54056,113.54919
1593662025,2020-07-02 03:53:45,B2088,CCA1315,11612.88,844.512,196,37.52823,113.54501
1593662033,2020-07-02 03:53:53,B2088,CCA1315,11612.88,844.512,196,37.52823,113.54501
1593662038,2020-07-02 03:53:58,B2088,CCA1315,11612.88,848.216,196,37.52823,113.54501
1593662041,2020-07-02 03:54:01,B2088,CCA1315,11612.88,848.216,196,37.52823,113.54501
1593662048,2020-07-02 03:54:08,B2088,CCA1315,11612.88,848.216,196,37.52823,113.54501
1593662058,2020-07-02 03:54:18,B2088,CCA1315,11612.88,848.216,196,37.460029999999996,113.52191
1593662074,2020-07-02 03:54:34,B2088,CCA1315,11612.88,848.216,196,37.429,113.51144
1593662077,2020-07-02 03:54:37,B2088,CCA1315,11612.88,851.92,196,37.429,113.51144
1593662093,2020-07-02 03:54:53,B2088,CCA1315,11612.88,851.92,196,37.38922,113.49799999999999
1593662106,2020-07-02 03:55:06,B2088,CCA1315,11612.88,851.92,196,37.384190000000004,113.49635
1593662124,2020-07-02 03:55:24,B2088,CCA1315,11612.88,851.92,196,37.32582,113.47673
1593662142,2020-07-02 03:55:42,B2088,CCA1315,11612.88,853.7719999999999,196,37.29076,113.46489
1593662157,2020-07-02 03:55:57,B2088,CCA1315,11612.88,853.7719999999999,195,37.264509999999994,113.45605
1593662164,2020-07-02 03:56:04,B2088,CCA1315,11612.88,853.7719999999999,195,37.264509999999994,113.45605
1593662185,2020-07-02 03:56:25,B2088,CCA1315,11612.88,850.068,196,37.23062,113.4447
1593662204,2020-07-02 03:56:44,B2088,CCA1315,11612.88,850.068,196,37.15933,113.42075
1593662210,2020-07-02 03:56:50,B2088,CCA1315,11612.88,850.068,196,37.15933,113.42075
1593662214,2020-07-02 03:56:54,B2088,CCA1315,11612.88,850.068,196,37.15933,113.42075
1593662218,2020-07-02 03:56:58,B2088,CCA1315,11612.88,850.068,196,37.15933,113.42075
1593662225,2020-07-02 03:57:05,B2088,CCA1315,11612.88,848.216,196,37.15933,113.42075
1593662230,2020-07-02 03:57:10,B2088,CCA1315,11612.88,850.068,195,37.15933,113.42075
1593662234,2020-07-02 03:57:14,B2088,CCA1315,11612.88,850.068,195,37.15933,113.42075
1593662242,2020-07-02 03:57:22,B2088,CCA1315,11612.88,848.216,196,37.08938,113.39742
1593662255,2020-07-02 03:57:35,B2088,CCA1315,11612.88,848.216,196,37.06219,113.38831
1593662267,2020-07-02 03:57:47,B2088,CCA1315,11612.88,848.216,195,37.0377,113.38008
1593662286,2020-07-02 03:58:06,B2088,CCA1315,11612.88,846.3639999999999,195,36.99055,113.36436
1593662299,2020-07-02 03:58:19,B2088,CCA1315,11612.88,848.216,195,36.97298,113.35851000000001
1593662311,2020-07-02 03:58:31,B2088,CCA1315,11612.88,848.216,195,36.93929,113.34735
1593662322,2020-07-02 03:58:42,B2088,CCA1315,11612.88,848.216,195,36.922909999999995,113.34188999999999
1593662335,2020-07-02 03:58:55,B2088,CCA1315,11612.88,848.216,195,36.8893,113.33075
1593662346,2020-07-02 03:59:06,B2088,CCA1315,11612.88,848.216,196,36.88534,113.32941000000001
1593662362,2020-07-02 03:59:22,B2088,CCA1315,11612.88,848.216,196,36.83487,113.31263999999999
1593662376,2020-07-02 03:59:36,B2088,CCA1315,11612.88,848.216,195,36.82575,113.3096
1593662387,2020-07-02 03:59:47,B2088,CCA1315,11612.88,848.216,195,36.7886,113.29727
1593662390,2020-07-02 03:59:50,B2088,CCA1315,11612.88,848.216,195,36.7886,113.29727
1593662402,2020-07-02 04:00:02,B2088,CCA1315,11612.88,848.216,195,36.77252,113.29193000000001
1593662407,2020-07-02 04:00:07,B2088,CCA1315,11612.88,848.216,195,36.77252,113.29193000000001
1593662410,2020-07-02 04:00:10,B2088,CCA1315,11612.88,848.216,195,36.77252,113.29193000000001
1593662416,2020-07-02 04:00:16,B2088,CCA1315,11612.88,848.216,195,36.77252,113.29193000000001
1593662422,2020-07-02 04:00:22,B2088,CCA1315,11612.88,848.216,195,36.71823,113.27396
1593662436,2020-07-02 04:00:36,B2088,CCA1315,11612.88,848.216,195,36.68408,113.26268999999999
1593662452,2020-07-02 04:00:52,B2088,CCA1315,11612.88,848.216,195,36.64895,113.2511
1593662466,2020-07-02 04:01:06,B2088,CCA1315,11612.88,848.216,195,36.62614,113.24356
1593662477,2020-07-02 04:01:17,B2088,CCA1315,11612.88,848.216,195,36.60201,113.23551
1593662490,2020-07-02 04:01:30,B2088,CCA1315,11612.88,848.216,195,36.57243,113.22578
1593662496,2020-07-02 04:01:36,B2088,CCA1315,11612.88,850.068,195,36.57243,113.22578
1593662511,2020-07-02 04:01:51,B2088,CCA1315,11612.88,850.068,195,36.55632,113.22046
1593662526,2020-07-02 04:02:06,B2088,CCA1315,11612.88,850.068,195,36.51679,113.20745
1593662542,2020-07-02 04:02:22,B2088,CCA1315,11612.88,850.068,195,36.48532,113.19711000000001
1593662553,2020-07-02 04:02:33,B2088,CCA1315,11612.88,853.7719999999999,195,36.463809999999995,113.19008999999998
1593662568,2020-07-02 04:02:48,B2088,CCA1315,11612.88,855.6239999999999,195,36.44133,113.1827
1593662574,2020-07-02 04:02:54,B2088,CCA1315,11612.88,855.6239999999999,195,36.39972,113.16896000000001
1593662587,2020-07-02 04:03:07,B2088,CCA1315,11612.88,855.6239999999999,195,36.386720000000004,113.16467
1593662599,2020-07-02 04:03:19,B2088,CCA1315,11612.88,855.6239999999999,195,36.36525,113.15763000000001
1593662611,2020-07-02 04:03:31,B2088,CCA1315,11612.88,861.18,195,36.33235,113.14679
1593662623,2020-07-02 04:03:43,B2088,CCA1315,11612.88,863.0319999999999,195,36.306509999999996,113.13843
1593662640,2020-07-02 04:04:00,B2088,CCA1315,11612.88,863.0319999999999,195,36.26921,113.12593000000001
1593662645,2020-07-02 04:04:05,B2088,CCA1315,11612.88,863.0319999999999,195,36.26921,113.12593000000001
1593662648,2020-07-02 04:04:08,B2088,CCA1315,11612.88,863.0319999999999,195,36.246829999999996,113.11724
1593662663,2020-07-02 04:04:23,B2088,CCA1315,11612.88,859.328,201,36.241929999999996,113.11518000000001
1593662670,2020-07-02 04:04:30,B2088,CCA1315,11612.88,857.4760000000001,202,36.241929999999996,113.11518000000001
1593662681,2020-07-02 04:04:41,B2088,CCA1315,11612.88,857.4760000000001,202,36.241929999999996,113.11518000000001
1593662691,2020-07-02 04:04:51,B2088,CCA1315,11612.88,853.7719999999999,204,36.16168,113.07575
1593662704,2020-07-02 04:05:04,B2088,CCA1315,11612.88,855.6239999999999,203,36.1436,113.06631000000002
1593662721,2020-07-02 04:05:21,B2088,CCA1315,11612.88,855.6239999999999,203,36.12593,113.05708999999999
1593662736,2020-07-02 04:05:36,B2088,CCA1315,11612.88,855.6239999999999,204,36.07164,113.02877
1593662741,2020-07-02 04:05:41,B2088,CCA1315,11612.88,857.4760000000001,203,36.07164,113.02877
1593662746,2020-07-02 04:05:46,B2088,CCA1315,11612.88,857.4760000000001,203,36.07164,113.02877
1593662761,2020-07-02 04:06:01,B2088,CCA1315,11612.88,861.18,203,36.04619,113.01548000000001
1593662766,2020-07-02 04:06:06,B2088,CCA1315,11612.88,861.18,203,36.04619,113.01548000000001
1593662771,2020-07-02 04:06:11,B2088,CCA1315,11612.88,861.18,203,36.00983,112.99655
1593662786,2020-07-02 04:06:26,B2088,CCA1315,11612.88,863.0319999999999,203,36.00182,112.9924
1593662790,2020-07-02 04:06:30,B2088,CCA1315,11612.88,863.0319999999999,203,36.00182,112.9924
1593662796,2020-07-02 04:06:36,B2088,CCA1315,11612.88,863.0319999999999,203,35.96013,112.9707
1593662800,2020-07-02 04:06:40,B2088,CCA1315,11612.88,863.0319999999999,203,35.96013,112.9707
1593662817,2020-07-02 04:06:57,B2088,CCA1315,11612.88,866.7360000000001,203,35.92969,112.9549
1593662832,2020-07-02 04:07:12,B2088,CCA1315,11612.88,868.5880000000001,203,35.88368,112.93104
1593662837,2020-07-02 04:07:17,B2088,CCA1315,11612.88,868.5880000000001,203,35.88368,112.93104
1593662841,2020-07-02 04:07:21,B2088,CCA1315,11612.88,870.44,203,35.88368,112.93104
1593662846,2020-07-02 04:07:26,B2088,CCA1315,11612.88,870.44,203,35.88368,112.93104
1593662852,2020-07-02 04:07:32,B2088,CCA1315,11612.88,870.44,203,35.8435,112.91028999999999
1593662865,2020-07-02 04:07:45,B2088,CCA1315,11612.88,872.2919999999999,203,35.8334,112.90508999999999
1593662871,2020-07-02 04:07:51,B2088,CCA1315,11612.88,872.2919999999999,203,35.8334,112.90508999999999
1593662876,2020-07-02 04:07:56,B2088,CCA1315,11612.88,872.2919999999999,203,35.8334,112.90508999999999
1593662882,2020-07-02 04:08:02,B2088,CCA1315,11612.88,872.2919999999999,203,35.78093,112.87808999999999
1593662885,2020-07-02 04:08:05,B2088,CCA1315,11612.88,872.2919999999999,203,35.78093,112.87808999999999
1593662897,2020-07-02 04:08:17,B2088,CCA1315,11612.88,872.2919999999999,203,35.75642,112.86541000000001
1593662901,2020-07-02 04:08:21,B2088,CCA1315,11612.88,872.2919999999999,203,35.75642,112.86541000000001
1593662918,2020-07-02 04:08:38,B2088,CCA1315,11612.88,870.44,204,35.709990000000005,112.84116000000002
1593662942,2020-07-02 04:09:02,B2088,CCA1315,11612.88,866.7360000000001,204,35.66158,112.81586000000001
1593662956,2020-07-02 04:09:16,B2088,CCA1315,11612.88,866.7360000000001,204,35.63178,112.80031000000001
1593662973,2020-07-02 04:09:33,B2088,CCA1315,11612.88,866.7360000000001,204,35.60921,112.78856
1593662977,2020-07-02 04:09:37,B2088,CCA1315,11612.88,868.5880000000001,204,35.60921,112.78856
1593662991,2020-07-02 04:09:51,B2088,CCA1315,11612.88,868.5880000000001,204,35.570240000000005,112.76829
1593663008,2020-07-02 04:10:08,B2088,CCA1315,11612.88,870.44,204,35.54883,112.75713
1593663012,2020-07-02 04:10:12,B2088,CCA1315,11612.88,872.2919999999999,204,35.54883,112.75713
1593663020,2020-07-02 04:10:20,B2088,CCA1315,11612.88,872.2919999999999,204,35.54883,112.75713
1593663028,2020-07-02 04:10:28,B2088,CCA1315,11612.88,872.2919999999999,204,35.49257,112.72778999999998
1593663041,2020-07-02 04:10:41,B2088,CCA1315,11612.88,872.2919999999999,204,35.47064,112.71635
1593663052,2020-07-02 04:10:52,B2088,CCA1315,11612.88,870.44,204,35.441759999999995,112.7013
1593663065,2020-07-02 04:11:05,B2088,CCA1315,11612.88,870.44,204,35.41704,112.68853999999999
1593663070,2020-07-02 04:11:10,B2088,CCA1315,11612.88,868.5880000000001,204,35.41704,112.68853999999999
1593663085,2020-07-02 04:11:25,B2088,CCA1315,11612.88,868.5880000000001,204,35.39069,112.67485
1593663089,2020-07-02 04:11:29,B2088,CCA1315,11612.88,868.5880000000001,204,35.39069,112.67485
1593663102,2020-07-02 04:11:42,B2088,CCA1315,11612.88,868.5880000000001,204,35.34032,112.64872
1593663114,2020-07-02 04:11:54,B2088,CCA1315,11612.88,864.8839999999999,203,35.34032,112.64872
1593663125,2020-07-02 04:12:05,B2088,CCA1315,11612.88,866.7360000000001,204,35.295390000000005,112.62546999999999
1593663138,2020-07-02 04:12:18,B2088,CCA1315,11612.88,866.7360000000001,204,35.28315,112.6191
1593663154,2020-07-02 04:12:34,B2088,CCA1315,11612.88,866.7360000000001,204,35.249179999999996,112.60145
1593663160,2020-07-02 04:12:40,B2088,CCA1315,11612.88,866.7360000000001,204,35.249179999999996,112.60145
1593663163,2020-07-02 04:12:43,B2088,CCA1315,11612.88,866.7360000000001,204,35.249179999999996,112.60145
1593663171,2020-07-02 04:12:51,B2088,CCA1315,11612.88,866.7360000000001,204,35.20341,112.57776000000001
1593663185,2020-07-02 04:13:05,B2088,CCA1315,11612.88,866.7360000000001,203,35.18646,112.56901
1593663188,2020-07-02 04:13:08,B2088,CCA1315,11612.88,866.7360000000001,203,35.18646,112.56901
1593663195,2020-07-02 04:13:15,B2088,CCA1315,11612.88,866.7360000000001,203,35.18646,112.56901
1593663200,2020-07-02 04:13:20,B2088,CCA1315,11612.88,866.7360000000001,203,35.18646,112.56901
1593663210,2020-07-02 04:13:30,B2088,CCA1315,11612.88,866.7360000000001,203,35.18646,112.56901
1593663220,2020-07-02 04:13:40,B2088,CCA1315,11612.88,868.5880000000001,200,35.11208,112.53256999999999
1593663230,2020-07-02 04:13:50,B2088,CCA1315,11612.88,868.5880000000001,200,35.11208,112.53256999999999
1593663240,2020-07-02 04:14:00,B2088,CCA1315,11612.88,868.5880000000001,200,35.11208,112.53256999999999
1593663248,2020-07-02 04:14:08,B2088,CCA1315,11612.88,872.2919999999999,197,35.054629999999996,112.50953
1593663255,2020-07-02 04:14:15,B2088,CCA1315,11612.88,872.2919999999999,197,35.054629999999996,112.50953
1593663259,2020-07-02 04:14:19,B2088,CCA1315,11612.88,872.2919999999999,197,35.054629999999996,112.50953
1593663265,2020-07-02 04:14:25,B2088,CCA1315,11612.88,872.2919999999999,197,35.054629999999996,112.50953
1593663276,2020-07-02 04:14:36,B2088,CCA1315,11612.88,872.2919999999999,197,35.00871,112.49271
1593663294,2020-07-02 04:14:54,B2088,CCA1315,11612.88,872.2919999999999,197,35.00871,112.49271
1593663306,2020-07-02 04:15:06,B2088,CCA1315,11612.88,872.2919999999999,197,34.92819,112.46326
1593663320,2020-07-02 04:15:20,B2088,CCA1315,11612.88,872.2919999999999,197,34.92819,112.46326
1593663333,2020-07-02 04:15:33,B2088,CCA1315,11612.88,872.2919999999999,197,34.92819,112.46326
1593663345,2020-07-02 04:15:45,B2088,CCA1315,11612.88,872.2919999999999,197,34.92819,112.46326
1593663361,2020-07-02 04:16:01,B2088,CCA1315,11612.88,872.2919999999999,197,34.8138,112.42141000000001
1593663385,2020-07-02 04:16:25,B2088,CCA1315,11612.88,877.8480000000001,195,34.76,112.40427
1593663396,2020-07-02 04:16:36,B2088,CCA1315,11612.88,896.368,187,34.7559,112.40347
1593663424,2020-07-02 04:17:04,B2088,CCA1315,11612.88,911.184,181,34.72371,112.39933
1593663457,2020-07-02 04:17:37,B2088,CCA1315,11612.88,914.888,175,34.72371,112.39933
1593663472,2020-07-02 04:17:52,B2088,CCA1315,11612.88,911.184,175,34.72371,112.39933
1593663486,2020-07-02 04:18:06,B2088,CCA1315,11612.88,911.184,175,34.72371,112.39933
1593663502,2020-07-02 04:18:22,B2088,CCA1315,11612.88,900.072,175,34.72371,112.39933
1593663522,2020-07-02 04:18:42,B2088,CCA1315,11612.88,900.072,175,34.72371,112.39933
1593663537,2020-07-02 04:18:57,B2088,CCA1315,11612.88,894.5160000000001,175,34.72371,112.39933
1593663576,2020-07-02 04:19:36,B2088,CCA1315,11612.88,894.5160000000001,175,34.72371,112.39933
1593663591,2020-07-02 04:19:51,B2088,CCA1315,11612.88,894.5160000000001,175,34.72371,112.39933
1593663633,2020-07-02 04:20:33,B2088,CCA1315,11612.88,907.48,175,34.72371,112.39933
1593663712,2020-07-02 04:21:52,B2088,CCA1315,11612.88,901.924,175,34.72371,112.39933
1593663739,2020-07-02 04:22:19,B2088,CCA1315,11612.88,901.924,175,34.72371,112.39933
1593663778,2020-07-02 04:22:58,B2088,CCA1315,11612.88,892.664,176,34.72371,112.39933
1593664061,2020-07-02 04:27:41,B2088,CCA1315,11612.88,898.22,175,33.25282,112.52197
1593664079,2020-07-02 04:27:59,B2088,CCA1315,11612.88,898.22,176,33.20265,112.52609
1593664093,2020-07-02 04:28:13,B2088,CCA1315,11612.88,900.072,175,33.20265,112.52609
1593664104,2020-07-02 04:28:24,B2088,CCA1315,11612.88,900.072,176,33.14694,112.53081999999999
1593664117,2020-07-02 04:28:37,B2088,CCA1315,11612.88,900.072,175,33.11705,112.53329
1593664128,2020-07-02 04:28:48,B2088,CCA1315,11612.88,900.072,176,33.09794,112.53486000000001
1593664144,2020-07-02 04:29:04,B2088,CCA1315,11612.88,900.072,176,33.05535,112.5384
1593664157,2020-07-02 04:29:17,B2088,CCA1315,11612.88,900.072,175,33.026579999999996,112.54081000000001
1593664168,2020-07-02 04:29:28,B2088,CCA1315,11612.88,900.072,175,33.00707,112.54243000000001
1593664174,2020-07-02 04:29:34,B2088,CCA1315,11612.88,900.072,175,33.00707,112.54243000000001
1593664178,2020-07-02 04:29:38,B2088,CCA1315,11612.88,909.332,173,33.00707,112.54243000000001
1593664189,2020-07-02 04:29:49,B2088,CCA1315,11612.88,918.592,164,32.96476,112.54926999999999
1593664202,2020-07-02 04:30:02,B2088,CCA1315,11612.88,938.9639999999999,152,32.96476,112.54926999999999
1593664209,2020-07-02 04:30:09,B2088,CCA1315,11612.88,944.52,149,32.915409999999994,112.57723999999999
1593664223,2020-07-02 04:30:23,B2088,CCA1315,11612.88,972.3,136,32.91193,112.58036000000001
1593664228,2020-07-02 04:30:28,B2088,CCA1315,11612.88,987.1160000000001,127,32.91193,112.58036000000001
1593664234,2020-07-02 04:30:34,B2088,CCA1315,11620.5,992.672,123,32.91193,112.58036000000001
1593664236,2020-07-02 04:30:36,B2088,CCA1315,11620.5,992.672,123,32.91193,112.58036000000001
1593664243,2020-07-02 04:30:43,B2088,CCA1315,11612.88,996.3760000000001,122,32.91193,112.58036000000001
1593664248,2020-07-02 04:30:48,B2088,CCA1315,11612.88,998.2280000000001,122,32.91193,112.58036000000001
1593664258,2020-07-02 04:30:58,B2088,CCA1315,11612.88,998.2280000000001,122,32.84251,112.69091999999999
1593664263,2020-07-02 04:31:03,B2088,CCA1315,11612.88,998.2280000000001,121,32.84251,112.69091999999999
1593664267,2020-07-02 04:31:07,B2088,CCA1315,11612.88,998.2280000000001,121,32.84251,112.69091999999999
1593664284,2020-07-02 04:31:24,B2088,CCA1315,11612.88,998.2280000000001,121,32.8147,112.74553999999999
1593664299,2020-07-02 04:31:39,B2088,CCA1315,11612.88,1000.08,121,32.79515,112.78426999999999
1593664301,2020-07-02 04:31:41,B2088,CCA1315,11612.88,1000.08,121,32.79515,112.78426999999999
1593664325,2020-07-02 04:32:05,B2088,CCA1315,11612.88,1000.08,121,32.78096,112.81245
1593664338,2020-07-02 04:32:18,B2088,CCA1315,11612.88,1000.08,121,32.7502,112.8732
1593664345,2020-07-02 04:32:25,B2088,CCA1315,11612.88,1000.08,121,32.7502,112.8732
1593664349,2020-07-02 04:32:29,B2088,CCA1315,11612.88,1000.08,121,32.72809,112.91663999999999
1593664363,2020-07-02 04:32:43,B2088,CCA1315,11612.88,1000.08,121,32.71225,112.94753
1593664383,2020-07-02 04:33:03,B2088,CCA1315,11612.88,1000.08,121,32.68524,112.99977
1593664390,2020-07-02 04:33:10,B2088,CCA1315,11612.88,1000.08,121,32.68524,112.99977
1593664402,2020-07-02 04:33:22,B2088,CCA1315,11612.88,1000.08,121,32.66675,113.03553000000001
1593664414,2020-07-02 04:33:34,B2088,CCA1315,11612.88,1001.932,122,32.64203,113.08304
1593664419,2020-07-02 04:33:39,B2088,CCA1315,11612.88,1003.784,122,32.64203,113.08304
1593664435,2020-07-02 04:33:55,B2088,CCA1315,11612.88,1003.784,122,32.615159999999996,113.13463
1593664439,2020-07-02 04:33:59,B2088,CCA1315,11612.88,1003.784,122,32.615159999999996,113.13463
1593664451,2020-07-02 04:34:11,B2088,CCA1315,11612.88,1003.784,122,32.592859999999995,113.17775
1593664464,2020-07-02 04:34:24,B2088,CCA1315,11612.88,1003.784,122,32.57707,113.20839
1593664505,2020-07-02 04:35:05,B2088,CCA1315,11612.88,1003.784,122,32.52223,113.31425
1593664535,2020-07-02 04:35:35,B2088,CCA1315,11612.88,1001.932,122,32.48383,113.38803999999999
1593664546,2020-07-02 04:35:46,B2088,CCA1315,11612.88,1001.932,122,32.47467,113.40571000000001
1593664776,2020-07-02 04:39:36,B2088,CCA1315,11612.88,877.8480000000001,185,32.08739,113.84061000000001
1593664788,2020-07-02 04:39:48,B2088,CCA1315,11612.88,868.5880000000001,189,32.07069,113.83823999999998
1593664793,2020-07-02 04:39:53,B2088,CCA1315,11612.88,866.7360000000001,190,32.07069,113.83823999999998
1593664795,2020-07-02 04:39:55,B2088,CCA1315,11612.88,868.5880000000001,190,32.07069,113.83823999999998
1593664817,2020-07-02 04:40:17,B2088,CCA1315,11612.88,863.0319999999999,191,32.02794,113.82935
1593664845,2020-07-02 04:40:45,B2088,CCA1315,11612.88,863.0319999999999,191,32.02794,113.82935
1593664864,2020-07-02 04:41:04,B2088,CCA1315,11612.88,861.18,191,31.928359999999998,113.80748999999999
1593664872,2020-07-02 04:41:12,B2088,CCA1315,11612.88,861.18,191,31.928359999999998,113.80748999999999
1593664878,2020-07-02 04:41:18,B2088,CCA1315,11612.88,861.18,191,31.87766,113.79638999999999
1593664890,2020-07-02 04:41:30,B2088,CCA1315,11612.88,863.0319999999999,191,31.84337,113.78891999999999
1593664905,2020-07-02 04:41:45,B2088,CCA1315,11612.88,863.0319999999999,191,31.84337,113.78891999999999
1593664911,2020-07-02 04:41:51,B2088,CCA1315,11612.88,863.0319999999999,191,31.84337,113.78891999999999
1593664916,2020-07-02 04:41:56,B2088,CCA1315,11612.88,863.0319999999999,191,31.84337,113.78891999999999
1593664930,2020-07-02 04:42:10,B2088,CCA1315,11612.88,861.18,191,31.76111,113.77096999999999
1593664943,2020-07-02 04:42:23,B2088,CCA1315,11612.88,859.328,191,31.736390000000004,113.76558
1593664954,2020-07-02 04:42:34,B2088,CCA1315,11612.88,855.6239999999999,191,31.712590000000002,113.76041000000001
1593664976,2020-07-02 04:42:56,B2088,CCA1315,11612.88,855.6239999999999,191,31.67633,113.7525
1593664979,2020-07-02 04:42:59,B2088,CCA1315,11612.88,857.4760000000001,191,31.67633,113.7525
1593664990,2020-07-02 04:43:10,B2088,CCA1315,11612.88,857.4760000000001,191,31.6295,113.74226000000002
1593665006,2020-07-02 04:43:26,B2088,CCA1315,11612.88,857.4760000000001,191,31.62,113.74018999999998
1593665020,2020-07-02 04:43:40,B2088,CCA1315,11612.88,857.4760000000001,191,31.576759999999997,113.73074
1593665025,2020-07-02 04:43:45,B2088,CCA1315,11612.88,857.4760000000001,191,31.576759999999997,113.73074
1593665040,2020-07-02 04:44:00,B2088,CCA1315,11612.88,861.18,191,31.522709999999996,113.71888999999999
1593665059,2020-07-02 04:44:19,B2088,CCA1315,11612.88,861.18,191,31.522709999999996,113.71888999999999
1593665070,2020-07-02 04:44:30,B2088,CCA1315,11612.88,861.18,191,31.462509999999998,113.70575
1593665076,2020-07-02 04:44:36,B2088,CCA1315,11612.88,861.18,191,31.462509999999998,113.70575
1593665081,2020-07-02 04:44:41,B2088,CCA1315,11612.88,861.18,191,31.462509999999998,113.70575
1593665086,2020-07-02 04:44:46,B2088,CCA1315,11612.88,863.0319999999999,191,31.462509999999998,113.70575
1593665091,2020-07-02 04:44:51,B2088,CCA1315,11612.88,863.0319999999999,191,31.462509999999998,113.70575
1593665095,2020-07-02 04:44:55,B2088,CCA1315,11612.88,863.0319999999999,191,31.462509999999998,113.70575
1593665108,2020-07-02 04:45:08,B2088,CCA1315,11612.88,863.0319999999999,191,31.462509999999998,113.70575
1593665115,2020-07-02 04:45:15,B2088,CCA1315,11612.88,863.0319999999999,191,31.462509999999998,113.70575
1593665126,2020-07-02 04:45:26,B2088,CCA1315,11612.88,861.18,191,31.34367,113.67974
1593665129,2020-07-02 04:45:29,B2088,CCA1315,11612.88,861.18,191,31.34367,113.67974
1593665136,2020-07-02 04:45:36,B2088,CCA1315,11612.88,861.18,191,31.34367,113.67974
1593665141,2020-07-02 04:45:41,B2088,CCA1315,11612.88,861.18,191,31.34367,113.67974
1593665146,2020-07-02 04:45:46,B2088,CCA1315,11612.88,861.18,191,31.34367,113.67974
1593665151,2020-07-02 04:45:51,B2088,CCA1315,11612.88,861.18,191,31.34367,113.67974
1593665154,2020-07-02 04:45:54,B2088,CCA1315,11612.88,863.0319999999999,191,31.34367,113.67974
1593665163,2020-07-02 04:46:03,B2088,CCA1315,11612.88,861.18,191,31.268109999999997,113.66318000000001
1593665169,2020-07-02 04:46:09,B2088,CCA1315,11612.88,861.18,191,31.268109999999997,113.66318000000001
1593665185,2020-07-02 04:46:25,B2088,CCA1315,11612.88,861.18,191,31.234040000000004,113.65572
1593665194,2020-07-02 04:46:34,B2088,CCA1315,11612.88,863.0319999999999,191,31.234040000000004,113.65572
1593665206,2020-07-02 04:46:46,B2088,CCA1315,11612.88,863.0319999999999,191,31.181990000000003,113.64425
1593665210,2020-07-02 04:46:50,B2088,CCA1315,11612.88,863.0319999999999,191,31.181990000000003,113.64425
1593665213,2020-07-02 04:46:53,B2088,CCA1315,11612.88,863.0319999999999,191,31.181990000000003,113.64425
1593665218,2020-07-02 04:46:58,B2088,CCA1315,11612.88,863.0319999999999,191,31.181990000000003,113.64425
1593665230,2020-07-02 04:47:10,B2088,CCA1315,11612.88,863.0319999999999,191,31.14413,113.63595
1593665240,2020-07-02 04:47:20,B2088,CCA1315,11612.88,863.0319999999999,191,31.14413,113.63595
1593665246,2020-07-02 04:47:26,B2088,CCA1315,11612.88,863.0319999999999,191,31.0946,113.62508000000001
1593665257,2020-07-02 04:47:37,B2088,CCA1315,11612.88,863.0319999999999,191,31.0946,113.62508000000001
1593665271,2020-07-02 04:47:51,B2088,CCA1315,11612.88,863.0319999999999,191,31.04443,113.61403999999999
1593665292,2020-07-02 04:48:12,B2088,CCA1315,11612.88,864.8839999999999,191,31.04443,113.61403999999999
1593665305,2020-07-02 04:48:25,B2088,CCA1315,11612.88,866.7360000000001,191,30.98834,113.60171000000001
1593665312,2020-07-02 04:48:32,B2088,CCA1315,11612.88,866.7360000000001,191,30.98834,113.60171000000001
1593665327,2020-07-02 04:48:47,B2088,CCA1315,11612.88,866.7360000000001,191,30.94162,113.59142
1593665341,2020-07-02 04:49:01,B2088,CCA1315,11612.88,866.7360000000001,191,30.89616,113.58138000000001
1593665344,2020-07-02 04:49:04,B2088,CCA1315,11612.88,866.7360000000001,191,30.89616,113.58138000000001
1593665352,2020-07-02 04:49:12,B2088,CCA1315,11612.88,866.7360000000001,191,30.89616,113.58138000000001
1593665355,2020-07-02 04:49:15,B2088,CCA1315,11612.88,866.7360000000001,191,30.86842,113.57531000000002
1593665362,2020-07-02 04:49:22,B2088,CCA1315,11612.88,864.8839999999999,191,30.86842,113.57531000000002
1593665367,2020-07-02 04:49:27,B2088,CCA1315,11612.88,864.8839999999999,191,30.836479999999998,113.56826000000001
1593665370,2020-07-02 04:49:30,B2088,CCA1315,11612.88,864.8839999999999,191,30.836479999999998,113.56826000000001
1593665381,2020-07-02 04:49:41,B2088,CCA1315,11612.88,864.8839999999999,192,30.836479999999998,113.56826000000001
1593665388,2020-07-02 04:49:48,B2088,CCA1315,11612.88,863.0319999999999,193,30.79253,113.55792
1593665402,2020-07-02 04:50:02,B2088,CCA1315,11612.88,864.8839999999999,193,30.79253,113.55792
1593665419,2020-07-02 04:50:19,B2088,CCA1315,11612.88,864.8839999999999,193,30.79253,113.55792
1593665431,2020-07-02 04:50:31,B2088,CCA1315,11612.88,864.8839999999999,193,30.6952,113.52689
1593665437,2020-07-02 04:50:37,B2088,CCA1315,11612.88,864.8839999999999,196,30.6952,113.52689
1593665452,2020-07-02 04:50:52,B2088,CCA1315,11612.88,868.5880000000001,196,30.658279999999998,113.51481000000001
1593665454,2020-07-02 04:50:54,B2088,CCA1315,11612.88,868.5880000000001,196,30.658279999999998,113.51481000000001
1593665461,2020-07-02 04:51:01,B2088,CCA1315,11612.88,874.1439999999999,196,30.658279999999998,113.51481000000001
1593665467,2020-07-02 04:51:07,B2088,CCA1315,11612.88,874.1439999999999,196,30.658279999999998,113.51481000000001
1593665472,2020-07-02 04:51:12,B2088,CCA1315,11612.88,874.1439999999999,196,30.62361,113.50336000000001
1593665477,2020-07-02 04:51:17,B2088,CCA1315,11612.88,874.1439999999999,196,30.62361,113.50336000000001
1593665482,2020-07-02 04:51:22,B2088,CCA1315,11612.88,877.8480000000001,196,30.62361,113.50336000000001
1593665497,2020-07-02 04:51:37,B2088,CCA1315,11612.88,881.552,196,30.56317,113.48355
1593665503,2020-07-02 04:51:43,B2088,CCA1315,11612.88,881.552,196,30.56317,113.48355
1593665509,2020-07-02 04:51:49,B2088,CCA1315,11612.88,883.404,196,30.56317,113.48355
1593665514,2020-07-02 04:51:54,B2088,CCA1315,11612.88,885.2560000000001,196,30.53146,113.47315
1593665519,2020-07-02 04:51:59,B2088,CCA1315,11612.88,885.2560000000001,196,30.53146,113.47315
1593665521,2020-07-02 04:52:01,B2088,CCA1315,11612.88,885.2560000000001,196,30.53146,113.47315
1593665529,2020-07-02 04:52:09,B2088,CCA1315,11612.88,885.2560000000001,196,30.53146,113.47315
1593665538,2020-07-02 04:52:18,B2088,CCA1315,11612.88,885.2560000000001,196,30.53146,113.47315
1593665556,2020-07-02 04:52:36,B2088,CCA1315,11612.88,885.2560000000001,196,30.53146,113.47315
1593665563,2020-07-02 04:52:43,B2088,CCA1315,11612.88,885.2560000000001,196,30.53146,113.47315
1593665576,2020-07-02 04:52:56,B2088,CCA1315,11612.88,892.664,196,30.53146,113.47315
1593665584,2020-07-02 04:53:04,B2088,CCA1315,11612.88,892.664,196,30.53146,113.47315
1593665592,2020-07-02 04:53:12,B2088,CCA1315,11612.88,894.5160000000001,196,30.53146,113.47315
1593665618,2020-07-02 04:53:38,B2088,CCA1315,11612.88,894.5160000000001,196,30.358159999999998,113.41626000000001
1593665649,2020-07-02 04:54:09,B2088,CCA1315,11612.88,894.5160000000001,196,30.358159999999998,113.41626000000001
1593665665,2020-07-02 04:54:25,B2088,CCA1315,11612.88,909.332,186,30.21854,113.38338
1593665670,2020-07-02 04:54:30,B2088,CCA1315,11612.88,909.332,186,30.21854,113.38338
1593665674,2020-07-02 04:54:34,B2088,CCA1315,11612.88,911.184,186,30.21854,113.38338
1593665679,2020-07-02 04:54:39,B2088,CCA1315,11612.88,911.184,186,30.21854,113.38338
1593665685,2020-07-02 04:54:45,B2088,CCA1315,11612.88,911.184,186,30.21854,113.38338
1593665693,2020-07-02 04:54:53,B2088,CCA1315,11612.88,918.592,186,30.16292,113.37671
1593665705,2020-07-02 04:55:05,B2088,CCA1315,11612.88,918.592,186,30.13843,113.37373999999998
1593665707,2020-07-02 04:55:07,B2088,CCA1315,11612.88,918.592,186,30.13843,113.37373999999998
1593665719,2020-07-02 04:55:19,B2088,CCA1315,11612.88,922.296,186,30.13843,113.37373999999998
1593665723,2020-07-02 04:55:23,B2088,CCA1315,11612.88,922.296,186,30.13843,113.37373999999998
1593665731,2020-07-02 04:55:31,B2088,CCA1315,11612.88,922.296,186,30.13843,113.37373999999998
1593665734,2020-07-02 04:55:34,B2088,CCA1315,11612.88,922.296,186,30.13843,113.37373999999998
1593665740,2020-07-02 04:55:40,B2088,CCA1315,11612.88,922.296,186,30.13843,113.37373999999998
1593665742,2020-07-02 04:55:42,B2088,CCA1315,11612.88,922.296,186,30.13843,113.37373999999998
1593665754,2020-07-02 04:55:54,B2088,CCA1315,11612.88,922.296,186,30.01698,113.35923999999999
1593665765,2020-07-02 04:56:05,B2088,CCA1315,11612.88,922.296,186,29.97427,113.35413
1593665780,2020-07-02 04:56:20,B2088,CCA1315,11612.88,922.296,186,29.96265,113.35273000000001
1593665786,2020-07-02 04:56:26,B2088,CCA1315,11612.88,927.852,186,29.96265,113.35273000000001
1593665787,2020-07-02 04:56:27,B2088,CCA1315,11612.88,927.852,186,29.96265,113.35273000000001
1593665794,2020-07-02 04:56:34,B2088,CCA1315,11612.88,927.852,182,29.91467,113.34772
1593665805,2020-07-02 04:56:45,B2088,CCA1315,11612.88,935.26,177,29.895940000000003,113.34761999999999
1593665808,2020-07-02 04:56:48,B2088,CCA1315,11612.88,933.408,178,29.873520000000003,113.34868999999999
1593665814,2020-07-02 04:56:54,B2088,CCA1315,11612.88,935.26,177,29.873520000000003,113.34868999999999
1593665827,2020-07-02 04:57:07,B2088,CCA1315,11612.88,935.26,177,29.82765,113.35203
1593665910,2020-07-02 04:58:30,B2088,CCA1315,11612.88,935.26,176,29.648390000000003,113.36618
1593665926,2020-07-02 04:58:46,B2088,CCA1315,11612.88,938.9639999999999,176,29.59781,113.37019
1593665939,2020-07-02 04:58:59,B2088,CCA1315,11612.88,940.816,176,29.56533,113.37271000000001
1593665951,2020-07-02 04:59:11,B2088,CCA1315,11612.88,940.816,176,29.538790000000002,113.37487
1593665954,2020-07-02 04:59:14,B2088,CCA1315,11612.88,940.816,176,29.538790000000002,113.37487
1593665965,2020-07-02 04:59:25,B2088,CCA1315,11612.88,942.668,176,29.505509999999997,113.37745
1593665976,2020-07-02 04:59:36,B2088,CCA1315,11612.88,944.52,176,29.49326,113.37843000000001
1593665982,2020-07-02 04:59:42,B2088,CCA1315,11612.88,946.372,176,29.49326,113.37843000000001
1593665986,2020-07-02 04:59:46,B2088,CCA1315,11612.88,946.372,176,29.49326,113.37843000000001
1593665998,2020-07-02 04:59:58,B2088,CCA1315,11612.88,950.076,176,29.42008,113.38413
1593666000,2020-07-02 05:00:00,B2088,CCA1315,11612.88,951.928,176,29.42008,113.38413
1593666011,2020-07-02 05:00:11,B2088,CCA1315,11612.88,951.928,176,29.402390000000004,113.38551000000001
1593666018,2020-07-02 05:00:18,B2088,CCA1315,11612.88,951.928,176,29.402390000000004,113.38551000000001
1593666023,2020-07-02 05:00:23,B2088,CCA1315,11612.88,951.928,176,29.402390000000004,113.38551000000001
1593666028,2020-07-02 05:00:28,B2088,CCA1315,11612.88,953.78,176,29.352629999999998,113.38935
1593666042,2020-07-02 05:00:42,B2088,CCA1315,11612.88,953.78,176,29.32661,113.3914
1593666059,2020-07-02 05:00:59,B2088,CCA1315,11612.88,955.632,176,29.292759999999998,113.39396
1593666063,2020-07-02 05:01:03,B2088,CCA1315,11612.88,955.632,176,29.292759999999998,113.39396
1593666078,2020-07-02 05:01:18,B2088,CCA1315,11612.88,959.336,176,29.2533,113.39692
1593666089,2020-07-02 05:01:29,B2088,CCA1315,11612.88,961.188,176,29.22917,113.39871000000001
1593666100,2020-07-02 05:01:40,B2088,CCA1315,11612.88,961.188,176,29.2061,113.40046000000001
1593666113,2020-07-02 05:01:53,B2088,CCA1315,11612.88,963.04,176,29.18903,113.40172
1593666118,2020-07-02 05:01:58,B2088,CCA1315,11612.88,963.04,176,29.132620000000003,113.406
1593666133,2020-07-02 05:02:13,B2088,CCA1315,11612.88,963.04,176,29.09647,113.40875
1593666145,2020-07-02 05:02:25,B2088,CCA1315,11612.88,968.596,176,29.07312,113.41049
1593666161,2020-07-02 05:02:41,B2088,CCA1315,11612.88,970.448,176,29.07811,113.41011999999999
1593666167,2020-07-02 05:02:47,B2088,CCA1315,11612.88,970.448,176,29.03329,113.4135
1593666179,2020-07-02 05:02:59,B2088,CCA1315,11612.88,972.3,176,29.00153,113.41596000000001
1593666192,2020-07-02 05:03:12,B2088,CCA1315,11612.88,974.1519999999999,176,28.9776,113.41774
1593666205,2020-07-02 05:03:25,B2088,CCA1315,11612.88,974.1519999999999,176,28.9352,113.42091
1593666209,2020-07-02 05:03:29,B2088,CCA1315,11612.88,974.1519999999999,176,28.9352,113.42091
1593666213,2020-07-02 05:03:33,B2088,CCA1315,11612.88,974.1519999999999,176,28.9352,113.42091
1593666225,2020-07-02 05:03:45,B2088,CCA1315,11612.88,974.1519999999999,176,28.89729,113.42375
1593666241,2020-07-02 05:04:01,B2088,CCA1315,11612.88,976.0039999999999,176,28.908279999999998,113.42296
1593666255,2020-07-02 05:04:15,B2088,CCA1315,11612.88,974.1519999999999,176,28.908279999999998,113.42296
1593666266,2020-07-02 05:04:26,B2088,CCA1315,11612.88,974.1519999999999,176,28.79205,113.43163
1593666269,2020-07-02 05:04:29,B2088,CCA1315,11612.88,974.1519999999999,176,28.76523,113.43368000000001
1593666286,2020-07-02 05:04:46,B2088,CCA1315,11612.88,974.1519999999999,176,28.740890000000004,113.43551000000001
1593666301,2020-07-02 05:05:01,B2088,CCA1315,11612.88,972.3,176,28.740890000000004,113.43551000000001
1593666304,2020-07-02 05:05:04,B2088,CCA1315,11612.88,972.3,176,28.740890000000004,113.43551000000001
1593666310,2020-07-02 05:05:10,B2088,CCA1315,11612.88,972.3,176,28.740890000000004,113.43551000000001
1593666320,2020-07-02 05:05:20,B2088,CCA1315,11612.88,972.3,176,28.655279999999998,113.44202
1593666325,2020-07-02 05:05:25,B2088,CCA1315,11612.88,972.3,176,28.655279999999998,113.44202
1593666332,2020-07-02 05:05:32,B2088,CCA1315,11612.88,972.3,176,28.655279999999998,113.44202
1593666336,2020-07-02 05:05:36,B2088,CCA1315,11612.88,972.3,176,28.655279999999998,113.44202
1593666341,2020-07-02 05:05:41,B2088,CCA1315,11612.88,972.3,176,28.655279999999998,113.44202
1593666347,2020-07-02 05:05:47,B2088,CCA1315,11612.88,972.3,176,28.655279999999998,113.44202
1593666358,2020-07-02 05:05:58,B2088,CCA1315,11612.88,974.1519999999999,176,28.55668,113.44935
1593666369,2020-07-02 05:06:09,B2088,CCA1315,11612.88,974.1519999999999,176,28.527279999999998,113.45153
1593666373,2020-07-02 05:06:13,B2088,CCA1315,11612.88,974.1519999999999,176,28.527279999999998,113.45153
1593666389,2020-07-02 05:06:29,B2088,CCA1315,11612.88,974.1519999999999,176,28.486859999999997,113.45454
1593666394,2020-07-02 05:06:34,B2088,CCA1315,11612.88,974.1519999999999,176,28.486859999999997,113.45454
1593666404,2020-07-02 05:06:44,B2088,CCA1315,11612.88,974.1519999999999,176,28.486859999999997,113.45454
1593666410,2020-07-02 05:06:50,B2088,CCA1315,11612.88,976.0039999999999,176,28.440720000000002,113.45801999999999
1593666414,2020-07-02 05:06:54,B2088,CCA1315,11612.88,976.0039999999999,176,28.440720000000002,113.45801999999999
1593666419,2020-07-02 05:06:59,B2088,CCA1315,11612.88,974.1519999999999,176,28.440720000000002,113.45801999999999
1593666434,2020-07-02 05:07:14,B2088,CCA1315,11612.88,974.1519999999999,176,28.394029999999997,113.46157
1593666446,2020-07-02 05:07:26,B2088,CCA1315,11612.88,972.3,176,28.33672,113.46578999999998
1593666453,2020-07-02 05:07:33,B2088,CCA1315,11612.88,972.3,176,28.33672,113.46578999999998
1593666458,2020-07-02 05:07:38,B2088,CCA1315,11612.88,970.448,176,28.33672,113.46578999999998
1593666464,2020-07-02 05:07:44,B2088,CCA1315,11612.88,972.3,176,28.33672,113.46578999999998
1593666479,2020-07-02 05:07:59,B2088,CCA1315,11612.88,970.448,176,28.27647,113.47023
1593666489,2020-07-02 05:08:09,B2088,CCA1315,11612.88,970.448,176,28.27647,113.47023
1593666494,2020-07-02 05:08:14,B2088,CCA1315,11612.88,970.448,176,28.27647,113.47023
1593666497,2020-07-02 05:08:17,B2088,CCA1315,11612.88,970.448,176,28.27647,113.47023
1593666503,2020-07-02 05:08:23,B2088,CCA1315,11612.88,970.448,176,28.210659999999997,113.47514
1593666519,2020-07-02 05:08:39,B2088,CCA1315,11612.88,968.596,176,28.186259999999997,113.47698000000001
1593666535,2020-07-02 05:08:55,B2088,CCA1315,11612.88,968.596,176,28.151490000000003,113.47951
1593666539,2020-07-02 05:08:59,B2088,CCA1315,11612.88,970.448,176,28.151490000000003,113.47951
1593666543,2020-07-02 05:09:03,B2088,CCA1315,11612.88,970.448,176,28.11269,113.48238
1593666548,2020-07-02 05:09:08,B2088,CCA1315,11612.88,970.448,176,28.11269,113.48238
1593666564,2020-07-02 05:09:24,B2088,CCA1315,11612.88,970.448,176,28.05048,113.48697
1593666578,2020-07-02 05:09:38,B2088,CCA1315,11612.88,970.448,176,28.028309999999998,113.48866000000001
1593666584,2020-07-02 05:09:44,B2088,CCA1315,11612.88,970.448,176,28.028309999999998,113.48866000000001
1593666595,2020-07-02 05:09:55,B2088,CCA1315,11612.88,972.3,176,27.98586,113.49179
1593666609,2020-07-02 05:10:09,B2088,CCA1315,11612.88,974.1519999999999,176,27.974990000000002,113.49257
1593666614,2020-07-02 05:10:14,B2088,CCA1315,11612.88,974.1519999999999,176,27.974990000000002,113.49257
1593666619,2020-07-02 05:10:19,B2088,CCA1315,11612.88,974.1519999999999,176,27.974990000000002,113.49257
1593666624,2020-07-02 05:10:24,B2088,CCA1315,11612.88,974.1519999999999,176,27.974990000000002,113.49257
1593666629,2020-07-02 05:10:29,B2088,CCA1315,11612.88,974.1519999999999,176,27.919559999999997,113.49665
1593666643,2020-07-02 05:10:43,B2088,CCA1315,11612.88,974.1519999999999,176,27.919559999999997,113.49665
1593666654,2020-07-02 05:10:54,B2088,CCA1315,11612.88,976.0039999999999,176,27.84814,113.50188
1593666669,2020-07-02 05:11:09,B2088,CCA1315,11612.88,976.0039999999999,176,27.81845,113.50403
1593666683,2020-07-02 05:11:23,B2088,CCA1315,11612.88,974.1519999999999,176,27.813540000000003,113.50442
1593666688,2020-07-02 05:11:28,B2088,CCA1315,11612.88,974.1519999999999,176,27.778000000000002,113.5071
1593666705,2020-07-02 05:11:45,B2088,CCA1315,11612.88,970.448,176,27.75334,113.50893
1593666719,2020-07-02 05:11:59,B2088,CCA1315,11612.88,972.3,175,27.69309,113.51375
1593666726,2020-07-02 05:12:06,B2088,CCA1315,11612.88,970.448,173,27.69309,113.51375
1593666732,2020-07-02 05:12:12,B2088,CCA1315,11612.88,970.448,173,27.69309,113.51375
1593666735,2020-07-02 05:12:15,B2088,CCA1315,11612.88,970.448,171,27.69309,113.51375
1593666740,2020-07-02 05:12:20,B2088,CCA1315,11612.88,970.448,170,27.69309,113.51375
1593666750,2020-07-02 05:12:30,B2088,CCA1315,11612.88,970.448,168,27.620790000000003,113.52611
1593666755,2020-07-02 05:12:35,B2088,CCA1315,11612.88,970.448,168,27.620790000000003,113.52611
1593666761,2020-07-02 05:12:41,B2088,CCA1315,11612.88,970.448,168,27.574309999999997,113.53878
1593666766,2020-07-02 05:12:46,B2088,CCA1315,11612.88,970.448,165,27.574309999999997,113.53878
1593666790,2020-07-02 05:13:10,B2088,CCA1315,11612.88,970.448,165,27.56563,113.54143
1593666797,2020-07-02 05:13:17,B2088,CCA1315,11612.88,970.448,165,27.51707,113.55601000000001
1593666801,2020-07-02 05:13:21,B2088,CCA1315,11612.88,970.448,165,27.51707,113.55601000000001
1593666807,2020-07-02 05:13:27,B2088,CCA1315,11612.88,970.448,165,27.51707,113.55601000000001
1593666819,2020-07-02 05:13:39,B2088,CCA1315,11612.88,970.448,165,27.45145,113.57583000000001
1593666836,2020-07-02 05:13:56,B2088,CCA1315,11612.88,970.448,165,27.45145,113.57583000000001
1593666840,2020-07-02 05:14:00,B2088,CCA1315,11612.88,970.448,165,27.417890000000003,113.58599
1593666845,2020-07-02 05:14:05,B2088,CCA1315,11612.88,970.448,165,27.417890000000003,113.58599
1593666851,2020-07-02 05:14:11,B2088,CCA1315,11612.88,970.448,165,27.374670000000002,113.59906000000001
1593666866,2020-07-02 05:14:26,B2088,CCA1315,11612.88,972.3,165,27.339340000000004,113.60961999999999
1593666871,2020-07-02 05:14:31,B2088,CCA1315,11612.88,972.3,165,27.339340000000004,113.60961999999999
1593666875,2020-07-02 05:14:35,B2088,CCA1315,11612.88,972.3,165,27.339340000000004,113.60961999999999
1593666881,2020-07-02 05:14:41,B2088,CCA1315,11612.88,974.1519999999999,165,27.29516,113.62276999999999
1593666883,2020-07-02 05:14:43,B2088,CCA1315,11612.88,974.1519999999999,165,27.29516,113.62276999999999
1593666891,2020-07-02 05:14:51,B2088,CCA1315,11612.88,974.1519999999999,165,27.29516,113.62276999999999
1593666904,2020-07-02 05:15:04,B2088,CCA1315,11612.88,972.3,165,27.26495,113.63175
1593666916,2020-07-02 05:15:16,B2088,CCA1315,11612.88,972.3,165,27.249570000000002,113.63631000000001
1593666920,2020-07-02 05:15:20,B2088,CCA1315,11612.88,972.3,165,27.21515,113.64646
1593666931,2020-07-02 05:15:31,B2088,CCA1315,11612.88,974.1519999999999,165,27.185159999999996,113.65525
1593666939,2020-07-02 05:15:39,B2088,CCA1315,11612.88,974.1519999999999,165,27.185159999999996,113.65525
1593666952,2020-07-02 05:15:52,B2088,CCA1315,11612.88,974.1519999999999,165,27.14992,113.66564
1593666966,2020-07-02 05:16:06,B2088,CCA1315,11612.88,977.8560000000001,165,27.133670000000002,113.67041
1593666972,2020-07-02 05:16:12,B2088,CCA1315,11612.88,977.8560000000001,165,27.133670000000002,113.67041
1593666988,2020-07-02 05:16:28,B2088,CCA1315,11612.88,977.8560000000001,165,27.044990000000002,113.69672
1593667000,2020-07-02 05:16:40,B2088,CCA1315,11612.88,977.8560000000001,165,27.03067,113.70093
1593667013,2020-07-02 05:16:53,B2088,CCA1315,11612.88,976.0039999999999,165,27.03067,113.70093
1593667030,2020-07-02 05:17:10,B2088,CCA1315,11612.88,976.0039999999999,165,27.03067,113.70093
1593667046,2020-07-02 05:17:26,B2088,CCA1315,11612.88,977.8560000000001,165,27.03067,113.70093
1593667058,2020-07-02 05:17:38,B2088,CCA1315,11612.88,974.1519999999999,165,27.03067,113.70093
1593667077,2020-07-02 05:17:57,B2088,CCA1315,11612.88,972.3,165,27.03067,113.70093
1593667097,2020-07-02 05:18:17,B2088,CCA1315,11612.88,974.1519999999999,165,26.82005,113.76296
1593667109,2020-07-02 05:18:29,B2088,CCA1315,11612.88,972.3,165,26.77107,113.77736999999999
1593667127,2020-07-02 05:18:47,B2088,CCA1315,11612.88,972.3,165,26.72969,113.78952
1593667138,2020-07-02 05:18:58,B2088,CCA1315,11612.88,974.1519999999999,165,26.71207,113.79478
1593667142,2020-07-02 05:19:02,B2088,CCA1315,11612.88,970.448,164,26.71207,113.79478
1593667146,2020-07-02 05:19:06,B2088,CCA1315,11597.64,970.448,164,26.66698,113.80885
1593667151,2020-07-02 05:19:11,B2088,CCA1315,11590.02,970.448,164,26.66698,113.80885
1593667163,2020-07-02 05:19:23,B2088,CCA1315,11544.3,959.336,164,26.63004,113.82059
1593667166,2020-07-02 05:19:26,B2088,CCA1315,11544.3,961.188,164,26.63004,113.82059
1593667179,2020-07-02 05:19:39,B2088,CCA1315,11506.2,961.188,164,26.61298,113.82602
1593667200,2020-07-02 05:20:00,B2088,CCA1315,11353.8,961.188,164,26.58861,113.8338
1593667201,2020-07-02 05:20:01,B2088,CCA1315,11353.8,955.632,164,26.58861,113.8338
1593667213,2020-07-02 05:20:13,B2088,CCA1315,11353.8,948.2239999999999,164,26.58861,113.8338
1593667219,2020-07-02 05:20:19,B2088,CCA1315,11239.5,948.2239999999999,164,26.58861,113.8338
1593667224,2020-07-02 05:20:24,B2088,CCA1315,11224.26,948.2239999999999,164,26.58861,113.8338
1593667235,2020-07-02 05:20:35,B2088,CCA1315,11094.72,948.2239999999999,164,26.486359999999998,113.86605
1593667239,2020-07-02 05:20:39,B2088,CCA1315,10988.04,948.2239999999999,164,26.486359999999998,113.86605
1593667254,2020-07-02 05:20:54,B2088,CCA1315,10805.16,946.372,165,26.460620000000002,113.87386000000001
1593667269,2020-07-02 05:21:09,B2088,CCA1315,10614.66,950.076,165,26.460620000000002,113.87386000000001
1593667279,2020-07-02 05:21:19,B2088,CCA1315,10507.98,951.928,166,26.379820000000002,113.89703
1593667285,2020-07-02 05:21:25,B2088,CCA1315,10546.08,953.78,166,26.379820000000002,113.89703
1593667290,2020-07-02 05:21:30,B2088,CCA1315,10485.12,953.78,166,26.379820000000002,113.89703
1593667295,2020-07-02 05:21:35,B2088,CCA1315,10393.68,953.78,166,26.341070000000002,113.90805
1593667312,2020-07-02 05:21:52,B2088,CCA1315,10134.6,953.78,166,26.29875,113.92018999999999
1593667323,2020-07-02 05:22:03,B2088,CCA1315,9951.72,953.78,166,26.29875,113.92018999999999
1593667350,2020-07-02 05:22:30,B2088,CCA1315,9776.46,951.928,175,26.29875,113.92018999999999
1593667366,2020-07-02 05:22:46,B2088,CCA1315,9776.46,946.372,187,26.18504,113.92853000000001
1593667370,2020-07-02 05:22:50,B2088,CCA1315,9776.46,946.372,187,26.1496,113.92393999999999
1593667385,2020-07-02 05:23:05,B2088,CCA1315,9761.22,944.52,187,26.12656,113.92093
1593667396,2020-07-02 05:23:16,B2088,CCA1315,9685.02,944.52,187,26.12656,113.92093
1593667407,2020-07-02 05:23:27,B2088,CCA1315,9570.72,944.52,187,26.12656,113.92093
1593667418,2020-07-02 05:23:38,B2088,CCA1315,9448.8,944.52,187,26.12656,113.92093
1593667432,2020-07-02 05:23:52,B2088,CCA1315,9296.4,938.9639999999999,187,26.015079999999998,113.90656000000001
1593667437,2020-07-02 05:23:57,B2088,CCA1315,9281.16,938.9639999999999,187,26.015079999999998,113.90656000000001
1593667449,2020-07-02 05:24:09,B2088,CCA1315,9197.34,927.852,187,26.015079999999998,113.90656000000001
1593667454,2020-07-02 05:24:14,B2088,CCA1315,9037.32,927.852,187,26.015079999999998,113.90656000000001
1593667457,2020-07-02 05:24:17,B2088,CCA1315,8991.6,927.852,187,26.015079999999998,113.90656000000001
1593667469,2020-07-02 05:24:29,B2088,CCA1315,8884.92,927.852,187,25.92416,113.89485
1593667483,2020-07-02 05:24:43,B2088,CCA1315,8709.66,901.924,192,25.89922,113.89138
1593667494,2020-07-02 05:24:54,B2088,CCA1315,8641.08,896.368,202,25.88146,113.88713
1593667498,2020-07-02 05:24:58,B2088,CCA1315,8442.96,896.368,202,25.88146,113.88713
1593667518,2020-07-02 05:25:18,B2088,CCA1315,8252.46,896.368,202,25.88146,113.88713
1593667523,2020-07-02 05:25:23,B2088,CCA1315,8168.64,896.368,202,25.88146,113.88713
1593667528,2020-07-02 05:25:28,B2088,CCA1315,8168.64,881.552,207,25.88146,113.88713
1593667537,2020-07-02 05:25:37,B2088,CCA1315,8168.64,877.8480000000001,207,25.88146,113.88713
1593667549,2020-07-02 05:25:49,B2088,CCA1315,7901.94,872.2919999999999,207,25.88146,113.88713
1593667554,2020-07-02 05:25:54,B2088,CCA1315,7871.46,872.2919999999999,207,25.88146,113.88713
1593667563,2020-07-02 05:26:03,B2088,CCA1315,7871.46,857.4760000000001,212,25.88146,113.88713
1593667567,2020-07-02 05:26:07,B2088,CCA1315,7703.82,857.4760000000001,212,25.88146,113.88713
1593667594,2020-07-02 05:26:34,B2088,CCA1315,7406.64,840.808,212,25.88146,113.88713
1593667599,2020-07-02 05:26:39,B2088,CCA1315,7345.68,840.808,212,25.88146,113.88713
1593667602,2020-07-02 05:26:42,B2088,CCA1315,7315.2,840.808,212,25.88146,113.88713
1593667609,2020-07-02 05:26:49,B2088,CCA1315,7261.86,840.808,212,25.88146,113.88713
1593667612,2020-07-02 05:26:52,B2088,CCA1315,7261.86,829.696,212,25.88146,113.88713
1593667624,2020-07-02 05:27:04,B2088,CCA1315,7063.74,829.696,212,25.88146,113.88713
1593667635,2020-07-02 05:27:15,B2088,CCA1315,6949.44,829.696,212,25.88146,113.88713
1593667660,2020-07-02 05:27:40,B2088,CCA1315,6774.18,801.916,212,25.88146,113.88713
1593667663,2020-07-02 05:27:43,B2088,CCA1315,6697.98,801.916,212,25.88146,113.88713
1593667672,2020-07-02 05:27:52,B2088,CCA1315,6560.82,801.916,212,25.88146,113.88713
1593667679,2020-07-02 05:27:59,B2088,CCA1315,6484.62,801.916,212,25.88146,113.88713
1593667699,2020-07-02 05:28:19,B2088,CCA1315,6446.52,790.804,212,25.88146,113.88713
1593667731,2020-07-02 05:28:51,B2088,CCA1315,5996.94,790.804,212,25.88146,113.88713
1593667735,2020-07-02 05:28:55,B2088,CCA1315,5989.32,790.804,212,25.88146,113.88713
1593667760,2020-07-02 05:29:20,B2088,CCA1315,5989.32,746.3560000000001,214,25.88146,113.88713
1593667777,2020-07-02 05:29:37,B2088,CCA1315,5798.82,720.428,214,25.88146,113.88713
1593667782,2020-07-02 05:29:42,B2088,CCA1315,5775.96,716.7239999999999,214,25.88146,113.88713
1593667786,2020-07-02 05:29:46,B2088,CCA1315,5760.72,716.7239999999999,214,25.88146,113.88713
1593667990,2020-07-02 05:33:10,B2088,CCA1315,5029.2,635.236,214,25.08141,113.34211
1593668004,2020-07-02 05:33:24,B2088,CCA1315,4953.0,627.828,214,25.0584,113.32513999999999
1593668015,2020-07-02 05:33:35,B2088,CCA1315,4892.04,620.42,214,25.04965,113.31868
1593668027,2020-07-02 05:33:47,B2088,CCA1315,4831.08,613.012,206,25.028370000000002,113.30526
1593668040,2020-07-02 05:34:00,B2088,CCA1315,4770.12,616.716,187,25.01238,113.30091000000002
1593668044,2020-07-02 05:34:04,B2088,CCA1315,4770.12,620.42,183,25.01238,113.30091000000002
1593668049,2020-07-02 05:34:09,B2088,CCA1315,4716.78,620.42,183,25.01238,113.30091000000002
1593668055,2020-07-02 05:34:15,B2088,CCA1315,4693.92,620.42,183,25.01238,113.30091000000002
1593668060,2020-07-02 05:34:20,B2088,CCA1315,4663.44,620.42,183,24.977829999999997,113.29997
1593668068,2020-07-02 05:34:28,B2088,CCA1315,4625.34,622.2719999999999,180,24.977829999999997,113.29997
1593668080,2020-07-02 05:34:40,B2088,CCA1315,4579.62,616.716,181,24.95093,113.29998
1593668085,2020-07-02 05:34:45,B2088,CCA1315,4549.14,614.864,181,24.95093,113.29998
1593668088,2020-07-02 05:34:48,B2088,CCA1315,4518.66,614.864,181,24.93543,113.29983
1593668104,2020-07-02 05:35:04,B2088,CCA1315,4450.08,611.16,182,24.90939,113.29941000000001
1593668115,2020-07-02 05:35:15,B2088,CCA1315,4396.74,613.012,182,24.90344,113.29931
1593668119,2020-07-02 05:35:19,B2088,CCA1315,4381.5,613.012,182,24.90344,113.29931
1593668136,2020-07-02 05:35:36,B2088,CCA1315,4290.06,611.16,181,24.87675,113.2988
1593668151,2020-07-02 05:35:51,B2088,CCA1315,4213.86,605.604,181,24.83748,113.29829
1593668166,2020-07-02 05:36:06,B2088,CCA1315,4198.62,601.9,181,24.819029999999998,113.29813999999999
1593668181,2020-07-02 05:36:21,B2088,CCA1315,4206.24,598.196,181,24.79395,113.29791000000002
1593668196,2020-07-02 05:36:36,B2088,CCA1315,4206.24,598.196,181,24.77003,113.29755
1593668199,2020-07-02 05:36:39,B2088,CCA1315,4206.24,598.196,181,24.77003,113.29755
1593668216,2020-07-02 05:36:56,B2088,CCA1315,4206.24,605.604,181,24.74062,113.29711999999999
1593668232,2020-07-02 05:37:12,B2088,CCA1315,4206.24,607.456,182,24.71837,113.29666
1593668246,2020-07-02 05:37:26,B2088,CCA1315,4206.24,605.604,182,24.696170000000002,113.2962
1593668259,2020-07-02 05:37:39,B2088,CCA1315,4206.24,607.456,181,24.68875,113.2961
1593668270,2020-07-02 05:37:50,B2088,CCA1315,4206.24,603.752,181,24.660420000000002,113.2958
1593668284,2020-07-02 05:38:04,B2088,CCA1315,4206.24,600.048,182,24.652820000000002,113.29558999999999
1593668296,2020-07-02 05:38:16,B2088,CCA1315,4206.24,598.196,182,24.62893,113.29475
1593668310,2020-07-02 05:38:30,B2088,CCA1315,4206.24,600.048,182,24.59992,113.29376
1593668324,2020-07-02 05:38:44,B2088,CCA1315,4206.24,603.752,181,24.58,113.29324
1593668335,2020-07-02 05:38:55,B2088,CCA1315,4206.24,605.604,181,24.56511,113.29305
1593668340,2020-07-02 05:39:00,B2088,CCA1315,4206.24,605.604,181,24.56511,113.29305
1593668351,2020-07-02 05:39:11,B2088,CCA1315,4206.24,603.752,182,24.53366,113.29253999999999
1593668362,2020-07-02 05:39:22,B2088,CCA1315,4206.24,603.752,182,24.51823,113.29203000000001
1593668374,2020-07-02 05:39:34,B2088,CCA1315,4206.24,603.752,182,24.49933,113.29151999999999
1593668382,2020-07-02 05:39:42,B2088,CCA1315,4206.24,603.752,182,24.49933,113.29151999999999
1593668396,2020-07-02 05:39:56,B2088,CCA1315,4206.24,600.048,182,24.48094,113.29106999999999
1593668412,2020-07-02 05:40:12,B2088,CCA1315,4206.24,598.196,182,24.45254,113.2905
1593668416,2020-07-02 05:40:16,B2088,CCA1315,4206.24,598.196,182,24.45254,113.2905
1593668431,2020-07-02 05:40:31,B2088,CCA1315,4206.24,600.048,182,24.41808,113.28963999999999
1593668444,2020-07-02 05:40:44,B2088,CCA1315,4206.24,600.048,182,24.39551,113.28898999999998
1593668461,2020-07-02 05:41:01,B2088,CCA1315,4168.14,600.048,182,24.37256,113.28842
1593668477,2020-07-02 05:41:17,B2088,CCA1315,4130.04,596.344,182,24.35725,113.28801000000001
1593668487,2020-07-02 05:41:27,B2088,CCA1315,4069.08,598.196,182,24.35725,113.28801000000001
1593668492,2020-07-02 05:41:32,B2088,CCA1315,4069.08,585.232,183,24.35725,113.28801000000001
1593668507,2020-07-02 05:41:47,B2088,CCA1315,3962.4,585.232,183,24.30945,113.28629
1593668522,2020-07-02 05:42:02,B2088,CCA1315,3848.1,581.528,182,24.28528,113.28556999999999
1593668534,2020-07-02 05:42:14,B2088,CCA1315,3726.18,583.38,182,24.273039999999998,113.28521
1593668547,2020-07-02 05:42:27,B2088,CCA1315,3627.12,581.528,182,24.25455,113.28469
1593668550,2020-07-02 05:42:30,B2088,CCA1315,3619.5,581.528,182,24.25455,113.28469
1593668562,2020-07-02 05:42:42,B2088,CCA1315,3489.96,581.528,182,24.22087,113.2842
1593668574,2020-07-02 05:42:54,B2088,CCA1315,3390.9,579.6759999999999,171,24.2107,113.28551999999999
1593668581,2020-07-02 05:43:01,B2088,CCA1315,3345.18,579.6759999999999,171,24.2107,113.28551999999999
1593668592,2020-07-02 05:43:12,B2088,CCA1315,3268.98,575.972,166,24.17979,113.29319
1593668611,2020-07-02 05:43:31,B2088,CCA1315,3154.68,575.972,166,24.16624,113.29703
1593668623,2020-07-02 05:43:43,B2088,CCA1315,3108.96,553.748,165,24.14199,113.30413
1593668627,2020-07-02 05:43:47,B2088,CCA1315,3093.72,551.896,165,24.14199,113.30413
1593668638,2020-07-02 05:43:58,B2088,CCA1315,3032.76,548.192,165,24.11751,113.31126
1593668651,2020-07-02 05:44:11,B2088,CCA1315,3017.52,538.932,165,24.10625,113.31451000000001
1593668664,2020-07-02 05:44:24,B2088,CCA1315,2994.66,520.4119999999999,165,24.10625,113.31451000000001
1593668677,2020-07-02 05:44:37,B2088,CCA1315,2964.18,501.892,166,24.072860000000002,113.32403000000001
1593668688,2020-07-02 05:44:48,B2088,CCA1315,2956.56,487.07599999999996,165,24.05937,113.32789
1593668702,2020-07-02 05:45:02,B2088,CCA1315,2933.7,487.07599999999996,165,24.04428,113.33232
1593668708,2020-07-02 05:45:08,B2088,CCA1315,2933.7,457.444,165,24.04428,113.33232
1593668723,2020-07-02 05:45:23,B2088,CCA1315,2849.88,448.184,165,24.02896,113.33677
1593668728,2020-07-02 05:45:28,B2088,CCA1315,2827.02,448.184,165,24.02896,113.33677
1593668731,2020-07-02 05:45:31,B2088,CCA1315,2804.16,448.184,165,24.02896,113.33677
1593668737,2020-07-02 05:45:37,B2088,CCA1315,2781.3,444.48,165,24.02896,113.33677
1593668744,2020-07-02 05:45:44,B2088,CCA1315,2727.96,444.48,165,24.02896,113.33677
1593668746,2020-07-02 05:45:46,B2088,CCA1315,2712.72,444.48,165,24.02896,113.33677
1593668757,2020-07-02 05:45:57,B2088,CCA1315,2682.24,444.48,165,23.98732,113.34899999999999
1593668769,2020-07-02 05:46:09,B2088,CCA1315,2590.8,437.07199999999995,165,23.97327,113.35307
1593668780,2020-07-02 05:46:20,B2088,CCA1315,2506.98,437.07199999999995,165,23.96201,113.35627
1593668782,2020-07-02 05:46:22,B2088,CCA1315,2499.36,437.07199999999995,165,23.96201,113.35627
1593668795,2020-07-02 05:46:35,B2088,CCA1315,2438.4,433.36800000000005,165,23.943820000000002,113.36143999999999
1593668798,2020-07-02 05:46:38,B2088,CCA1315,2407.92,433.36800000000005,165,23.943820000000002,113.36143999999999
1593668810,2020-07-02 05:46:50,B2088,CCA1315,2369.82,429.664,165,23.928729999999998,113.36583
1593668823,2020-07-02 05:47:03,B2088,CCA1315,2293.62,422.256,170,23.92352,113.36713999999999
1593668836,2020-07-02 05:47:16,B2088,CCA1315,2217.42,416.7,206,23.89936,113.36206000000001
1593668841,2020-07-02 05:47:21,B2088,CCA1315,2202.18,412.996,208,23.89936,113.36206000000001
1593668856,2020-07-02 05:47:36,B2088,CCA1315,2186.94,388.92,210,23.88567,113.35377
1593668872,2020-07-02 05:47:52,B2088,CCA1315,2186.94,364.844,210,23.88213,113.35153999999999
1593668876,2020-07-02 05:47:56,B2088,CCA1315,2186.94,351.88,210,23.86896,113.34325
1593668891,2020-07-02 05:48:11,B2088,CCA1315,2186.94,346.324,211,23.8577,113.33615
1593668906,2020-07-02 05:48:26,B2088,CCA1315,2194.56,346.324,211,23.84496,113.32803999999999
1593668921,2020-07-02 05:48:41,B2088,CCA1315,2186.94,350.028,211,23.838,113.32366
1593668937,2020-07-02 05:48:57,B2088,CCA1315,2186.94,351.88,210,23.82262,113.31416000000002
1593668951,2020-07-02 05:49:11,B2088,CCA1315,2194.56,348.176,210,23.81464,113.30921000000001
1593668965,2020-07-02 05:49:25,B2088,CCA1315,2186.94,346.324,201,23.80376,113.30282
1593668976,2020-07-02 05:49:36,B2088,CCA1315,2186.94,350.028,167,23.800420000000003,113.30134
1593668987,2020-07-02 05:49:47,B2088,CCA1315,2186.94,355.584,154,23.78163,113.30511000000001
1593669001,2020-07-02 05:50:01,B2088,CCA1315,2194.56,374.10400000000004,126,23.77844,113.30856000000001
1593669016,2020-07-02 05:50:16,B2088,CCA1315,2118.36,401.884,89,23.773020000000002,113.32791
1593669029,2020-07-02 05:50:29,B2088,CCA1315,2019.3,407.44,82,23.774639999999998,113.34161999999999
1593669041,2020-07-02 05:50:41,B2088,CCA1315,1950.72,387.06800000000004,107,23.77528,113.35561000000001
1593669056,2020-07-02 05:50:56,B2088,CCA1315,1889.76,374.10400000000004,128,23.76535,113.37316000000001
1593669061,2020-07-02 05:51:01,B2088,CCA1315,1866.9,353.73199999999997,157,23.76535,113.37316000000001
1593669067,2020-07-02 05:51:07,B2088,CCA1315,1844.04,350.028,162,23.76535,113.37316000000001
1593669080,2020-07-02 05:51:20,B2088,CCA1315,1775.46,348.176,163,23.75546,113.37778999999999
1593669086,2020-07-02 05:51:26,B2088,CCA1315,1752.6,348.176,163,23.7404,113.38231
1593669097,2020-07-02 05:51:37,B2088,CCA1315,1722.12,337.064,164,23.73459,113.38403999999998
1593669101,2020-07-02 05:51:41,B2088,CCA1315,1706.88,329.656,164,23.73459,113.38403999999998
1593669112,2020-07-02 05:51:52,B2088,CCA1315,1668.78,329.656,164,23.722279999999998,113.38781999999999
1593669123,2020-07-02 05:52:03,B2088,CCA1315,1638.3,327.80400000000003,165,23.722279999999998,113.38781999999999
1593669137,2020-07-02 05:52:17,B2088,CCA1315,1592.58,325.952,164,23.70151,113.39403999999999
1593669152,2020-07-02 05:52:32,B2088,CCA1315,1554.48,325.952,164,23.691270000000003,113.3945
1593669157,2020-07-02 05:52:37,B2088,CCA1315,1539.24,325.952,164,23.691270000000003,113.3945
1593669162,2020-07-02 05:52:42,B2088,CCA1315,1524.0,320.39599999999996,196,23.691270000000003,113.3945
1593669166,2020-07-02 05:52:46,B2088,CCA1315,1516.38,320.39599999999996,196,23.6787,113.39152
1593669178,2020-07-02 05:52:58,B2088,CCA1315,1485.9,324.1,195,23.6727,113.38973999999999
1593669191,2020-07-02 05:53:11,B2088,CCA1315,1447.8,329.656,194,23.66064,113.38646999999999
1593669197,2020-07-02 05:53:17,B2088,CCA1315,1440.18,327.80400000000003,195,23.66064,113.38646999999999
1593669203,2020-07-02 05:53:23,B2088,CCA1315,1409.7,325.952,195,23.66064,113.38646999999999
1593669217,2020-07-02 05:53:37,B2088,CCA1315,1371.6,324.1,193,23.64368,113.3817
1593669233,2020-07-02 05:53:53,B2088,CCA1315,1318.26,324.1,193,23.62738,113.37758000000001
1593669247,2020-07-02 05:54:07,B2088,CCA1315,1257.3,324.1,193,23.6166,113.37435
1593669253,2020-07-02 05:54:13,B2088,CCA1315,1242.06,320.39599999999996,194,23.6166,113.37435
1593669257,2020-07-02 05:54:17,B2088,CCA1315,1234.44,320.39599999999996,194,23.6166,113.37435
1593669268,2020-07-02 05:54:28,B2088,CCA1315,1203.96,320.39599999999996,194,23.5963,113.36903999999998
1593669283,2020-07-02 05:54:43,B2088,CCA1315,1158.24,290.764,194,23.587329999999998,113.3666
1593669287,2020-07-02 05:54:47,B2088,CCA1315,1158.24,285.20799999999997,194,23.587329999999998,113.3666
1593669293,2020-07-02 05:54:53,B2088,CCA1315,1097.28,281.504,194,23.587329999999998,113.3666
1593669298,2020-07-02 05:54:58,B2088,CCA1315,1089.66,274.096,195,23.57582,113.36346
1593669313,2020-07-02 05:55:13,B2088,CCA1315,1043.94,253.72400000000002,195,23.57038,113.36201000000001
1593669326,2020-07-02 05:55:26,B2088,CCA1315,982.98,244.46400000000003,195,23.56247,113.35983
1593669334,2020-07-02 05:55:34,B2088,CCA1315,967.74,248.168,194,23.56247,113.35983
1593669338,2020-07-02 05:55:38,B2088,CCA1315,952.5,248.168,194,23.56247,113.35983
1593669343,2020-07-02 05:55:43,B2088,CCA1315,937.26,248.168,194,23.56247,113.35983
1593669348,2020-07-02 05:55:48,B2088,CCA1315,922.02,246.31599999999997,194,23.56247,113.35983
1593669359,2020-07-02 05:55:59,B2088,CCA1315,868.68,246.31599999999997,194,23.54242,113.35444
1593669363,2020-07-02 05:56:03,B2088,CCA1315,868.68,246.31599999999997,194,23.54242,113.35444
1593669375,2020-07-02 05:56:15,B2088,CCA1315,822.96,246.31599999999997,195,23.5296,113.35098
1593669389,2020-07-02 05:56:29,B2088,CCA1315,777.24,255.576,194,23.52368,113.34936
1593669393,2020-07-02 05:56:33,B2088,CCA1315,777.24,255.576,194,23.52368,113.34936
1593669400,2020-07-02 05:56:40,B2088,CCA1315,723.9,253.72400000000002,194,23.52368,113.34936
1593669404,2020-07-02 05:56:44,B2088,CCA1315,723.9,253.72400000000002,194,23.511979999999998,113.3462
1593669419,2020-07-02 05:56:59,B2088,CCA1315,662.94,257.428,195,23.50415,113.34405
1593669424,2020-07-02 05:57:04,B2088,CCA1315,647.7,259.28,195,23.50415,113.34405
1593669430,2020-07-02 05:57:10,B2088,CCA1315,624.84,259.28,195,23.50415,113.34405
1593669435,2020-07-02 05:57:15,B2088,CCA1315,624.84,266.688,194,23.50415,113.34405
1593669440,2020-07-02 05:57:20,B2088,CCA1315,579.12,266.688,194,23.49152,113.34066000000001
1593669451,2020-07-02 05:57:31,B2088,CCA1315,541.02,264.836,195,23.480439999999998,113.33766000000001
1593669466,2020-07-02 05:57:46,B2088,CCA1315,487.68,253.72400000000002,195,23.47105,113.33511000000001
1593669471,2020-07-02 05:57:51,B2088,CCA1315,472.44,251.872,195,23.47105,113.33511000000001
1593669477,2020-07-02 05:57:57,B2088,CCA1315,464.82,253.72400000000002,195,23.47105,113.33511000000001
1593669481,2020-07-02 05:58:01,B2088,CCA1315,434.34,253.72400000000002,195,23.47105,113.33511000000001
1593669486,2020-07-02 05:58:06,B2088,CCA1315,426.72,253.72400000000002,195,23.45947,113.33206000000001
1593669502,2020-07-02 05:58:22,B2088,CCA1315,373.38,255.576,194,23.45691,113.33142
1593669507,2020-07-02 05:58:27,B2088,CCA1315,350.52,251.872,195,23.447020000000002,113.32862
1593669522,2020-07-02 05:58:42,B2088,CCA1315,289.56,248.168,195,23.444679999999998,113.32798999999999
1593669528,2020-07-02 05:58:48,B2088,CCA1315,289.56,255.576,195,23.444679999999998,113.32798999999999
1593669532,2020-07-02 05:58:52,B2088,CCA1315,266.7,255.576,195,23.444679999999998,113.32798999999999
1593669537,2020-07-02 05:58:57,B2088,CCA1315,243.84,255.576,195,23.42972,113.32396999999999
1593669552,2020-07-02 05:59:12,B2088,CCA1315,198.12,262.98400000000004,195,23.4235,113.32235
1593669558,2020-07-02 05:59:18,B2088,CCA1315,160.02,262.98400000000004,195,23.4235,113.32235
1593669564,2020-07-02 05:59:24,B2088,CCA1315,152.4,262.98400000000004,195,23.41135,113.31903999999999
1593669568,2020-07-02 05:59:28,B2088,CCA1315,137.16,262.98400000000004,195,23.41135,113.31903999999999
1593669573,2020-07-02 05:59:33,B2088,CCA1315,114.3,262.98400000000004,195,23.41135,113.31903999999999
1593669587,2020-07-02 05:59:47,B2088,CCA1315,83.82,248.168,194,23.398970000000002,113.31568
1593669593,2020-07-02 05:59:53,B2088,CCA1315,76.2,211.128,195,23.398970000000002,113.31568
1593669598,2020-07-02 05:59:58,B2088,CCA1315,76.2,185.2,194,23.39084,113.31346
1593669613,2020-07-02 06:00:13,B2088,CCA1315,99.06,94.45200000000001,194,23.385270000000002,113.31195
1593669628,2020-07-02 06:00:28,B2088,CCA1315,99.06,57.412,196,23.38322,113.31137
1593669643,2020-07-02 06:00:43,B2088,CCA1315,99.06,42.596000000000004,222,23.38171,113.31033000000001
1593669654,2020-07-02 06:00:54,B2088,CCA1315,99.06,31.484,222,23.38104,113.30967
1593669669,2020-07-02 06:01:09,B2088,CCA1315,99.06,18.52,222,23.38041,113.30906999999999
1593669680,2020-07-02 06:01:20,B2088,CCA1315,99.06,16.668,222,23.38018,113.30883999999999
1593669696,2020-07-02 06:01:36,B2088,CCA1315,99.06,14.815999999999999,250,23.37996,113.30838999999999
1593669710,2020-07-02 06:01:50,B2088,CCA1315,99.06,20.372,284,23.38016,113.30752
1593669726,2020-07-02 06:02:06,B2088,CCA1315,99.06,22.224,284,23.38027,113.30707
1593669741,2020-07-02 06:02:21,B2088,CCA1315,99.06,24.076,284,23.3806,113.30563000000001
1593669756,2020-07-02 06:02:36,B2088,CCA1315,99.06,16.668,267,23.3807,113.30481
1593669772,2020-07-02 06:02:52,B2088,CCA1315,99.06,16.668,202,23.38021,113.30453999999999
1593669776,2020-07-02 06:02:56,B2088,CCA1315,99.06,16.668,202,23.38021,113.30453999999999
1593669791,2020-07-02 06:03:11,B2088,CCA1315,99.06,22.224,194,23.37956,113.30436999999999
1593669802,2020-07-02 06:03:22,B2088,CCA1315,99.06,22.224,194,23.37876,113.30416000000001
1593669817,2020-07-02 06:03:37,B2088,CCA1315,99.06,16.668,213,23.37823,113.30391999999999
1593669832,2020-07-02 06:03:52,B2088,CCA1315,99.06,20.372,278,23.37828,113.30328999999999
1593669848,2020-07-02 06:04:08,B2088,CCA1315,99.06,27.78,284,23.378529999999998,113.30219
1593669862,2020-07-02 06:04:22,B2088,CCA1315,99.06,31.484,284,23.37881,113.30095
1593669873,2020-07-02 06:04:33,B2088,CCA1315,99.06,35.188,284,23.37902,113.30006000000002
1593669884,2020-07-02 06:04:44,B2088,CCA1315,99.06,35.188,284,23.37912,113.29964
1593669898,2020-07-02 06:04:58,B2088,CCA1315,99.06,38.891999999999996,284,23.379479999999997,113.29817
1593669905,2020-07-02 06:05:05,B2088,CCA1315,99.06,40.744,284,23.379479999999997,113.29817
1593669911,2020-07-02 06:05:11,B2088,CCA1315,99.06,42.596000000000004,284,23.379479999999997,113.29817
1593669914,2020-07-02 06:05:14,B2088,CCA1315,99.06,42.596000000000004,284,23.379479999999997,113.29817
1593669922,2020-07-02 06:05:22,B2088,CCA1315,99.06,42.596000000000004,284,23.379479999999997,113.29817
1593669927,2020-07-02 06:05:27,B2088,CCA1315,99.06,46.3,284,23.379479999999997,113.29817
1593669942,2020-07-02 06:05:42,B2088,CCA1315,99.06,42.596000000000004,284,23.380370000000003,113.29416
1593669947,2020-07-02 06:05:47,B2088,CCA1315,99.06,40.744,284,23.380370000000003,113.29416
1593669949,2020-07-02 06:05:49,B2088,CCA1315,99.06,40.744,284,23.380370000000003,113.29416
1593669957,2020-07-02 06:05:57,B2088,CCA1315,99.06,38.891999999999996,284,23.380370000000003,113.29416
1593669962,2020-07-02 06:06:02,B2088,CCA1315,99.06,38.891999999999996,284,23.380370000000003,113.29416
1593669964,2020-07-02 06:06:04,B2088,CCA1315,99.06,37.04,284,23.380370000000003,113.29416
1593669990,2020-07-02 06:06:30,B2088,CCA1315,99.06,27.78,284,23.380370000000003,113.29416
1593670029,2020-07-02 06:07:09,B2088,CCA1315,99.06,25.928,14,23.380370000000003,113.29416
1593670042,2020-07-02 06:07:22,B2088,CCA1315,99.06,29.631999999999998,14,23.3836,113.28813000000001
1593670055,2020-07-02 06:07:35,B2088,CCA1315,99.06,29.631999999999998,14,23.38474,113.28843
1593670067,2020-07-02 06:07:47,B2088,CCA1315,99.06,22.224,14,23.38474,113.28843
1593670087,2020-07-02 06:08:07,B2088,CCA1315,99.06,16.668,14,23.38474,113.28843
1593670100,2020-07-02 06:08:20,B2088,CCA1315,99.06,18.52,14,23.38474,113.28843
1593670112,2020-07-02 06:08:32,B2088,CCA1315,99.06,14.815999999999999,73,23.38474,113.28843
1593670124,2020-07-02 06:08:44,B2088,CCA1315,99.06,14.815999999999999,115,23.38474,113.28843
1593670135,2020-07-02 06:08:55,B2088,CCA1315,99.06,14.815999999999999,149,23.38474,113.28843
1593670156,2020-07-02 06:09:16,B2088,CCA1315,99.06,11.112,140,23.38474,113.28843
1593670168,2020-07-02 06:09:28,B2088,CCA1315,99.06,7.4079999999999995,123,23.38474,113.28843
1593670198,2020-07-02 06:09:58,B2088,CCA1315,99.06,3.7039999999999997,123,23.38474,113.28843
1593670238,2020-07-02 06:10:38,B2088,CCA1315,99.06,0.0,123,23.38474,113.28843